origin,destination,busline,class
55,76,ITAPEMIRIM,CONV C/ AR
55,76,REAL EXPRESSO,EXECUTIVO
55,76,REAL EXPRESSO,CONVENCIONAL
76,55,REAL EXPRESSO,EXECUTIVO
76,55,REAL EXPRESSO,CONVENCIONAL
1,55,COMETA,CONV
1,55,COMETA,CONV
1,55,COMETA,CONV
1,55,COMETA,GTV EX.
1,55,COMETA,GTV 1.CLS
1,55,COMETA,CONV
1,55,COMETA,CONV
1,55,COMETA,CONV
1,55,COMETA,GTV EX.
1,55,COMETA,GTV 1.CLS
1,55,COMETA,CONV
1,55,COMETA,CONV.S
1,55,COMETA,CONV
1,55,COMETA,LEITO
1,55,COMETA,CONV
1,55,COMETA,GTV EX.
1,55,COMETA,GTV 1.CLS
1,55,ITAPEMIRIM,CONV C/ AR
1,55,ITAPEMIRIM,CONV C/ AR
1,55,ITAPEMIRIM,CONV C/ AR
1,55,ITAPEMIRIM,CONV C/ AR
1,55,ITAPEMIRIM,SEMI LEITO
1,55,ITAPEMIRIM,CONV C/ AR
1,55,ITAPEMIRIM,EXECUTIVO
1,55,ITAPEMIRIM,CONV C/ AR
1,55,ITAPEMIRIM,CONV C/ AR
1,55,ITAPEMIRIM,CONV C/ AR
1,55,ITAPEMIRIM,CONV C/ AR
1,55,ITAPEMIRIM,CONV C/ AR
1,55,ITAPEMIRIM,LEITO-CAMA
1,55,ITAPEMIRIM,LEITO
1,55,ITAPEMIRIM,CONV C/ AR
3,1,COMETA,CONV
3,1,COMETA,CONV
3,1,COMETA,CONV
3,1,COMETA,CONV
3,1,COMETA,CONV
3,1,COMETA,CONV
3,1,COMETA,CONV
3,1,COMETA,CONV
3,1,COMETA,CONV
3,1,COMETA,CONV
3,1,COMETA,CONV
3,1,COMETA,CONV
3,1,COMETA,CONV
3,1,COMETA,CONV
3,1,COMETA,CONV
3,1,COMETA,CONV
3,1,COMETA,CONV
3,1,COMETA,CONV
3,1,COMETA,CONV
3,1,COMETA,CONV
3,1,COMETA,CONV
3,1,COMETA,CONV
3,1,COMETA,CONV
3,1,COMETA,CONV
3,1,COMETA,CONV
3,1,COMETA,CONV
3,1,COMETA,CONV
3,1,COMETA,CONV
3,1,COMETA,CONV
3,1,COMETA,CONV
3,1,COMETA,CONV
3,1,COMETA,CONV
3,1,COMETA,CONV
3,1,COMETA,CONV
3,1,COMETA,CONV
3,1,COMETA,CONV
3,1,COMETA,CONV
3,1,COMETA,CONV
3,1,COMETA,CONV
3,1,COMETA,CONV
3,1,COMETA,CONV
3,1,COMETA,CONV
3,1,COMETA,CONV
3,1,COMETA,CONV
3,1,COMETA,CONV
3,1,COMETA,CONV
3,1,COMETA,CONV
3,1,COMETA,CONV
3,1,COMETA,CONV
3,1,COMETA,CONV
3,1,COMETA,CONV
3,1,COMETA,CONV
3,1,COMETA,CONV
3,1,COMETA,CONV
3,1,COMETA,CONV
3,1,COMETA,CONV
3,1,COMETA,CONV
3,1,COMETA,CONV
3,1,COMETA,CONV
3,1,COMETA,CONV
3,1,COMETA,CONV
3,1,COMETA,CONV
3,1,COMETA,CONV
3,1,COMETA,CONV
3,1,COMETA,CONV
3,1,COMETA,CONV
3,1,COMETA,CONV
3,1,COMETA,CONV
3,1,COMETA,CONV
3,1,COMETA,CONV
3,1,COMETA,CONV
3,1,COMETA,CONV
3,1,COMETA,CONV
3,1,COMETA,CONV
3,1,COMETA,CONV
3,1,COMETA,CONV
3,1,COMETA,CONV
3,1,COMETA,CONV
3,1,COMETA,CONV
5,1,COMETA,CONV
5,1,RAPIDO RIBEIRAO,CONV
5,1,COMETA,CONV
5,1,RAPIDO RIBEIRAO,CONV
5,1,RAPIDO RIBEIRAO,CONV
5,1,COMETA,CONV
5,1,RAPIDO RIBEIRAO,CONV
5,1,COMETA,CONV
5,1,RAPIDO RIBEIRAO,CONV
5,1,COMETA,CONV
5,1,RAPIDO RIBEIRAO,CONV
5,1,COMETA,CONV
5,1,RAPIDO RIBEIRAO,CONV
5,1,COMETA,CONV
5,1,RAPIDO RIBEIRAO,CONV
5,1,COMETA,CONV
5,1,RAPIDO RIBEIRAO,CONV
5,1,COMETA,CONV
5,1,RAPIDO RIBEIRAO,CONV
5,1,COMETA,CONV
5,1,RAPIDO RIBEIRAO,CONV
5,1,COMETA,CONV
5,1,RAPIDO RIBEIRAO,CONV
5,1,COMETA,CONV
5,1,RAPIDO RIBEIRAO,CONV
5,1,COMETA,CONV
5,1,RAPIDO RIBEIRAO,CONV
5,1,COMETA,CONV
5,1,RAPIDO RIBEIRAO,CONV
13,1,COMETA,CONV AR
13,1,COMETA,CONV AR
13,1,COMETA,CONV AR
13,1,COMETA,CONV AR
13,1,COMETA,CONV AR
13,1,COMETA,CONV AR
13,1,COMETA,CONV AR
13,1,COMETA,CONV AR
13,1,COMETA,CONV AR
13,1,COMETA,GTV EX.
13,1,COMETA,GTV 1.CLS
55,1,ITAPEMIRIM,CONV C/ AR
55,1,ITAPEMIRIM,CONV C/ AR
55,1,ITAPEMIRIM,CONV C/ AR
55,1,ITAPEMIRIM,CONV C/ AR
55,1,ITAPEMIRIM,CONV C/ AR
55,1,ITAPEMIRIM,CONV C/ AR
55,1,ITAPEMIRIM,CONV C/ AR
55,1,ITAPEMIRIM,CONV C/ AR
55,1,ITAPEMIRIM,CONV C/ AR
55,1,ITAPEMIRIM,SEMI LEITO
55,1,ITAPEMIRIM,EXECUTIVO
55,1,ITAPEMIRIM,LEITO
55,1,ITAPEMIRIM,LEITO-CAMA
55,1,ITAPEMIRIM,CONV C/ AR
55,1,ITAPEMIRIM,CONV C/ AR
57,1,1001,CONV C/AR
57,1,1001,LEITO
57,1,1001,LEITO DD
57,1,1001,EXECUTIVO DD
57,1,1001,LEITO DD
57,1,1001,EXECUTIVO DD
57,1,1001,CONV C/AR
57,1,1001,LEITO DD
57,1,1001,LEITO DD
57,1,1001,EXECUTIVO DD
57,1,1001,CONV C/AR
57,1,1001,LEITO DD
57,1,1001,EXECUTIVO DD
57,1,1001,CONV C/AR
57,1,1001,LEITO DD
57,1,1001,LEITO DD
57,1,1001,EXECUTIVO DD
57,1,1001,CONV C/AR
57,1,1001,LEITO DD
57,1,1001,EXECUTIVO DD
57,1,1001,LEITO
57,1,1001,LEITO DD
57,1,1001,EXECUTIVO DD
57,1,ITAPEMIRIM,CONV C/ AR
57,1,ITAPEMIRIM,CONV C/ AR
57,1,ITAPEMIRIM,CONV C/ AR
57,1,ITAPEMIRIM,CONV C/ AR
57,1,ITAPEMIRIM,CONV C/ AR
57,1,ITAPEMIRIM,CONV C/ AR
57,1,ITAPEMIRIM,SEMI LEITO
57,1,ITAPEMIRIM,SEMI LEITO
57,1,ITAPEMIRIM,CONV C/ AR
57,1,ITAPEMIRIM,SEMI LEITO
57,1,ITAPEMIRIM,CONV C/ AR
57,1,ITAPEMIRIM,SEMI LEITO
57,1,ITAPEMIRIM,CONV C/ AR
57,1,ITAPEMIRIM,LEITO-CAMA
57,1,ITAPEMIRIM,LEITO
57,1,EXPRESSO BRASILEIRO,CONVENCIONAL
57,1,EXPRESSO BRASILEIRO,CONVENCIONAL
57,1,EXPRESSO BRASILEIRO,CONVENCIONAL
57,1,EXPRESSO BRASILEIRO,CONVENCIONAL
57,1,EXPRESSO BRASILEIRO,EXECUTIVO
57,1,EXPRESSO BRASILEIRO,1CLASSE LEIT
57,1,EXPRESSO BRASILEIRO,CONVENCIONAL
57,1,EXPRESSO BRASILEIRO,EXECUTIVO
57,1,EXPRESSO BRASILEIRO,1CLASSE LEIT
57,1,EXPRESSO BRASILEIRO,CONVENCIONAL
57,1,EXPRESSO BRASILEIRO,EXECUTIVO
57,1,EXPRESSO BRASILEIRO,1CLASSE LEIT
57,1,EXPRESSO BRASILEIRO,CONVENCIONAL
57,1,EXPRESSO BRASILEIRO,EXECUTIVO
57,1,EXPRESSO BRASILEIRO,1CLASSE LEIT
57,1,EXPRESSO BRASILEIRO,CONVENCIONAL
57,1,EXPRESSO BRASILEIRO,CONVENCIONAL
57,1,EXPRESSO BRASILEIRO,LEITO CAMA
68,1,CATARINENSE,CONV. AR+WC
68,1,CATARINENSE,EXECUTIVO
68,1,CATARINENSE,EXECUTIVO DD
68,1,CATARINENSE,LEITO DD
68,1,CATARINENSE,CONV DD
68,1,CATARINENSE,LEITO DD
68,1,CATARINENSE,EXECUTIVO DD
68,1,CATARINENSE,LEITO DD
68,1,CATARINENSE,EXECUTIVO DD
68,1,CATARINENSE,LEITO DD
68,1,CATARINENSE,CONV DD
68,1,CATARINENSE,LEITO DD
68,1,1001,CONV C/AR
68,1,1001,CONV C/AR
84,1,SALUTARIS,CONVENCIONAL
85,1,1001,CONV C/AR
85,1,ITAPEMIRIM,CONV C/ AR
105,1,CATARINENSE,CONV. AR+WC
105,1,CATARINENSE,EXECUTIVO
105,1,CATARINENSE,EXECUTIVO DD
105,1,CATARINENSE,LEITO DD
105,1,CATARINENSE,CONV DD
105,1,CATARINENSE,LEITO DD
105,1,CATARINENSE,CONV. AR+WC
105,1,CATARINENSE,EXECUTIVO DD
105,1,CATARINENSE,LEITO DD
105,1,CATARINENSE,CONV DD
105,1,CATARINENSE,LEITO DD
105,1,1001,CONV C/AR
105,1,1001,CONV C/AR
105,1,ITAPEMIRIM,SEMI LEITO
105,1,ITAPEMIRIM,SEMI LEITO
105,1,PLUMA,CONVENCIONAL
105,1,PLUMA,LEITO
114,1,CATARINENSE,LEITO
114,1,CATARINENSE,EXECUTIVO
129,1,1001,LEITO DS
129,1,1001,CONV DS
129,1,1001,CONV DS
129,1,1001,LEITO DS
137,1,1001,CONV C/AR
137,1,1001,CONV C/AR
137,1,1001,ESPECIAL
140,1,ITAPEMIRIM,LEITO
140,1,ITAPEMIRIM,LEITO-CAMA
140,1,ITAPEMIRIM,CONV C/ AR
184,1,PLUMA,CONVENCIONAL
184,1,PLUMA,CONVENCIONAL
184,1,PLUMA,CONVENCIONAL
189,1,ITAPEMIRIM,CONV C/ AR
189,1,ITAPEMIRIM,CONV C/ AR
189,1,ITAPEMIRIM,CONV C/ AR
189,1,ITAPEMIRIM,CONV C/ AR
189,1,ITAPEMIRIM,EXECUTIVO
220,1,CATARINENSE,CONV. AR+WC
220,1,CATARINENSE,EXECUTIVO
220,1,CATARINENSE,CONV. AR+WC
220,1,CATARINENSE,EXECUTIVO DD
220,1,CATARINENSE,LEITO DD
220,1,CATARINENSE,CONV. AR+WC
220,1,CATARINENSE,EXECUTIVO DD
220,1,CATARINENSE,LEITO DD
220,1,1001,CONV C/AR
220,1,1001,CONV C/AR
221,1,CATARINENSE,CONV. AR+WC
221,1,CATARINENSE,LEITO DD
232,1,ITAPEMIRIM,CONV C/ AR
232,1,ITAPEMIRIM,LEITO-CAMA
232,1,ITAPEMIRIM,LEITO
258,1,1001,LEITO DS
258,1,1001,EXECUTIVO DS
258,1,1001,CONV C/AR
258,1,1001,CONV C/AR
258,1,1001,LEITO DS
258,1,1001,EXECUTIVO DS
258,1,1001,LEITO DS
258,1,1001,CONV DS
258,1,1001,CONV C/AR
258,1,1001,CONV C/AR
258,1,1001,EXECUTIVO
258,1,1001,CONV C/AR
258,1,1001,LEITO
304,1,ITAPEMIRIM,CONV C/ AR
304,1,ITAPEMIRIM,LEITO-CAMA
304,1,ITAPEMIRIM,LEITO
402,1,RAPIDO FEDERAL,CONVENCIONAL
402,1,REAL EXPRESSO,EXECUTIVO
402,1,REAL EXPRESSO,CONVENCIONAL
402,1,REAL EXPRESSO,CONVENCIONAL
402,1,REAL EXPRESSO,CONVENCIONAL
402,1,RAPIDO FEDERAL,LEITO
450,1,ITAPEMIRIM,SEMI LEITO
450,1,ITAPEMIRIM,CONV C/ AR
463,1,REAL EXPRESSO,CONVENCIONAL
463,1,REAL EXPRESSO,EXECUTIVO
463,1,REAL EXPRESSO,CONVENCIONAL
463,1,REAL EXPRESSO,CONVENCIONAL
463,1,REAL EXPRESSO,EXECUTIVO
463,1,REAL EXPRESSO,LEITO
1006,1,ITAPEMIRIM,CONV C/ AR
1653,1,AGUIA BRANCA,CONVENCIONAL
1653,1,AGUIA BRANCA,DOUBLE LEITO
1653,1,AGUIA BRANCA,DOUBLE PLUS
1653,1,ITAPEMIRIM,CONV C/ AR
1653,1,ITAPEMIRIM,SEMI LEITO
2652,1,GARDENIA,COMERCIAL
2652,1,GARDENIA,COMERCIAL
2652,1,GARDENIA,COMERCIAL
2652,1,GARDENIA,COMERCIAL
2652,1,UTIL,CON
2652,1,UTIL,CON
3348,1,SALUTARIS,CONVENCIONAL
3348,1,SALUTARIS,CONVENCIONAL
3348,1,SALUTARIS,CONVENCIONAL
3,2,COMETA,LITOR
3,2,COMETA,LITOR
3,2,COMETA,LITOR
3,2,COMETA,LITOR
3,2,COMETA,LITOR
3,2,COMETA,LITOR
3,2,COMETA,LITOR
3,2,COMETA,LITOR
3,2,COMETA,LITOR
5,2,COMETA,LITOR
45,2,COMETA,LITOR
55,2,CATARINENSE,CONV. AR+WC
55,2,CATARINENSE,CONV. AR+WC
55,2,CATARINENSE,CONV. AR+WC
55,2,CATARINENSE,EXECUTIVO DS
55,2,CATARINENSE,LEITO DS
55,2,CATARINENSE,CONV. AR+WC
57,2,UTIL,EXE
57,2,UTIL,S.LEI
57,2,UTIL,S.LEI
57,2,UTIL,S.LEI
57,2,UTIL,EXE
57,2,UTIL,S.LEI
57,2,UTIL,S.LEI
57,2,UTIL,CON
57,2,UTIL,LEITO
57,2,UTIL,LEITO
57,2,UTIL,EXE
57,2,UTIL,S.LEI
64,2,COMETA,CONV
68,2,CATARINENSE,EXECUTIVO DS
68,2,CATARINENSE,LEITO DS
68,2,CATARINENSE,CONV. AR+WC
1536,2,GARCIA,CONVENC.
1,3,COMETA,CONV
1,3,COMETA,CONV
1,3,COMETA,CONV
1,3,COMETA,CONV
1,3,COMETA,CONV
1,3,COMETA,CONV
1,3,COMETA,CONV
1,3,COMETA,CONV
1,3,COMETA,CONV
1,3,COMETA,CONV
1,3,COMETA,CONV
1,3,COMETA,CONV
1,3,COMETA,CONV
1,3,COMETA,CONV
1,3,COMETA,CONV
1,3,COMETA,CONV
1,3,COMETA,CONV
1,3,COMETA,CONV
1,3,COMETA,CONV
1,3,COMETA,CONV
1,3,COMETA,CONV
1,3,COMETA,CONV
1,3,COMETA,CONV
1,3,COMETA,CONV
1,3,COMETA,CONV
1,3,COMETA,CONV
1,3,COMETA,CONV
1,3,COMETA,CONV
1,3,COMETA,CONV
1,3,COMETA,CONV
1,3,COMETA,CONV
1,3,COMETA,CONV
1,3,COMETA,CONV
1,3,COMETA,CONV
1,3,COMETA,CONV
1,3,COMETA,CONV
1,3,COMETA,CONV
1,3,COMETA,CONV
1,3,COMETA,CONV
1,3,COMETA,CONV
1,3,COMETA,CONV
1,3,COMETA,CONV
1,3,COMETA,CONV
1,3,COMETA,CONV
1,3,COMETA,CONV
1,3,COMETA,CONV
1,3,COMETA,CONV
1,3,COMETA,CONV
1,3,COMETA,CONV
1,3,COMETA,CONV
1,3,COMETA,CONV
1,3,COMETA,CONV
1,3,COMETA,CONV
1,3,COMETA,CONV
1,3,COMETA,CONV
1,3,COMETA,CONV
1,3,COMETA,CONV
1,3,COMETA,CONV
1,3,COMETA,CONV
1,3,COMETA,CONV
1,3,COMETA,CONV
1,3,COMETA,CONV
1,3,COMETA,CONV
1,3,COMETA,CONV
1,3,COMETA,CONV
1,3,COMETA,CONV
1,3,COMETA,CONV
1,3,COMETA,CONV
1,3,COMETA,CONV
1,3,COMETA,CONV
1,3,COMETA,CONV
1,3,COMETA,CONV
1,3,COMETA,CONV
1,3,COMETA,CONV
1,3,COMETA,CONV
1,3,COMETA,CONV
2,3,COMETA,LITOR
2,3,COMETA,LITOR
2,3,COMETA,LITOR
2,3,COMETA,LITOR
2,3,COMETA,LITOR
2,3,COMETA,LITOR
2,3,COMETA,LITOR
2,3,COMETA,LITOR
2,3,COMETA,LITOR
5,3,COMETA,CONV
5,3,COMETA,CONV
5,3,COMETA,CONV
5,3,COMETA,CONV
5,3,COMETA,CONV
5,3,COMETA,CONV
5,3,COMETA,CONV
5,3,COMETA,CONV
57,3,COMETA,GTV EX.
57,3,COMETA,GTV 1.CLS
57,3,COMETA,CONV
57,3,COMETA,GTV EX.
57,3,COMETA,GTV 1.CLS
57,3,COMETA,CONV
57,3,COMETA,CONV
57,3,COMETA,GTV EX.
57,3,COMETA,GTV 1.CLS
57,3,COMETA,CONV
64,3,COMETA,CONV
64,3,GARDENIA,COMERCIAL
64,3,GARDENIA,COMERCIAL
68,3,CATARINENSE,CONV. AR+WC
68,3,CATARINENSE,CONV. AR+WC
1531,3,GARCIA,CONVENC.
1531,3,GARCIA,CONVENC.
1531,3,GARCIA,CONVENC.
1531,3,GARCIA,CONVENC.
1531,3,GARCIA,LEITO
1,5,RAPIDO RIBEIRAO,CONV
1,5,COMETA,CONV AR
1,5,RAPIDO RIBEIRAO,CONV
1,5,COMETA,CONV
1,5,RAPIDO RIBEIRAO,CONV
1,5,COMETA,CONV
1,5,RAPIDO RIBEIRAO,CONV
1,5,COMETA,CONV
1,5,RAPIDO RIBEIRAO,CONV
1,5,COMETA,CONV
1,5,RAPIDO RIBEIRAO,CONV
1,5,COMETA,CONV
1,5,RAPIDO RIBEIRAO,CONV
1,5,COMETA,CONV
1,5,RAPIDO RIBEIRAO,CONV
1,5,COMETA,CONV
1,5,RAPIDO RIBEIRAO,CONV
1,5,COMETA,CONV
1,5,RAPIDO RIBEIRAO,CONV
1,5,COMETA,CONV
1,5,RAPIDO RIBEIRAO,CONV
1,5,COMETA,CONV
1,5,RAPIDO RIBEIRAO,CONV
1,5,COMETA,CONV
1,5,RAPIDO RIBEIRAO,CONV
1,5,COMETA,CONV
1,5,RAPIDO RIBEIRAO,CONV
1,5,COMETA,CONV
1,5,RAPIDO RIBEIRAO,CONV
1,5,COMETA,CONV
2,5,COMETA,LITOR
3,5,COMETA,CONV
3,5,COMETA,CONV
3,5,COMETA,CONV
3,5,COMETA,CONV
3,5,COMETA,CONV
3,5,COMETA,CONV
3,5,COMETA,CONV
3,5,COMETA,CONV
1531,5,GARCIA,CONVENC.
1531,5,GARCIA,LEITO
1531,5,GARCIA,CONVENC.
1,7,COMETA,CONV
1,7,COMETA,CONV
1,7,COMETA,CONV
1,7,COMETA,CONV
1,7,COMETA,CONV
1,7,COMETA,CONV
1,7,COMETA,CONV
1,7,COMETA,CONV
1,7,COMETA,CONV
1,7,COMETA,CONV
1,7,COMETA,CONV
1,7,COMETA,CONV
1,7,COMETA,CONV
1,7,COMETA,CONV
1,7,COMETA,CONV
1,7,COMETA,CONV
1,7,COMETA,CONV
1,7,COMETA,CONV
1,7,COMETA,CONV
1,7,COMETA,CONV
57,7,COMETA,CONV
57,7,COMETA,EXEC
1,13,COMETA,CONV AR
1,13,COMETA,CONV AR
1,13,COMETA,CONV AR
1,13,COMETA,CONV AR
1,13,COMETA,CONV AR
1,13,COMETA,CONV AR
1,13,COMETA,CONV AR
1,13,COMETA,CONV AR
1,13,COMETA,CONV AR
1,13,COMETA,GTV EX.
1,13,COMETA,GTV 1.CLS
57,17,1001,EXECUTIVO
57,17,EXPRESSO BRASILEIRO,CONVENCIONAL
57,19,PLUMA,CONVENCIONAL
57,19,PLUMA,CONVENCIONAL
64,19,COMETA,CONV
57,23,1001,CONV C/AR
57,23,ITAPEMIRIM,CONV C/ AR
57,23,EXPRESSO BRASILEIRO,CONVENCIONAL
64,23,UTIL,S.LEI
64,23,UTIL,EXE
57,24,1001,CONV C/AR
57,24,ITAPEMIRIM,CONV C/ AR
57,24,EXPRESSO BRASILEIRO,CONVENCIONAL
68,24,CATARINENSE,EXECUTIVO DS
68,24,CATARINENSE,LEITO DS
68,24,CATARINENSE,CONV. AR+WC
55,25,CATARINENSE,CONV. AR+WC
55,25,CATARINENSE,CONV. AR+WC
55,25,CATARINENSE,EXECUTIVO DS
55,25,CATARINENSE,LEITO DS
55,25,CATARINENSE,CONV. AR+WC
57,28,SAMPAIO,CON
57,28,SAMPAIO,EXE
64,29,UTIL,EXE
64,29,UTIL,CON
64,29,UTIL,CON
57,30,SAMPAIO,CON
57,30,SAMPAIO,S.LEI
57,30,SAMPAIO,EXE
57,30,SAMPAIO,EXE
57,30,SAMPAIO,CON
57,30,SAMPAIO,EXE
57,30,SAMPAIO,EXE
57,30,SAMPAIO,EXE
57,30,SAMPAIO,EXE
57,30,SAMPAIO,S.LEI
64,30,UTIL,EXE
64,30,UTIL,CON
64,30,UTIL,CON
57,40,SAMPAIO,EXE
57,40,SAMPAIO,EXE
57,40,SAMPAIO,EXE
57,40,SAMPAIO,EXE
3,45,COMETA,CONV
3,45,COMETA,CONV
3,45,COMETA,CONV
3,45,COMETA,CONV
3,45,COMETA,CONV
3,45,COMETA,CONV
3,45,COMETA,CONV
1665,45,COMETA,CONV AR
1665,45,COMETA,CONV AR
1665,45,COMETA,GTV EX.
1665,45,COMETA,GTV 1.CLS
1665,45,COMETA,CONV
1665,45,COMETA,CONV AR
1665,45,COMETA,CONV AR
1665,45,COMETA,CONV AR
1665,45,COMETA,CONV AR
1665,45,COMETA,CONV AR
1665,45,COMETA,DD EXEC
1665,45,COMETA,DD LEITO
1665,45,COMETA,CONV AR
1665,45,COMETA,CONV
1665,45,COMETA,DD EXEC
1665,45,COMETA,DD LEITO
1665,45,COMETA,CONV AR
1665,45,COMETA,GTV EX.
1665,45,COMETA,GTV 1.CLS
1665,45,COMETA,CONV AR
1665,45,COMETA,CONV AR
1665,45,COMETA,DD EXEC
1665,45,COMETA,DD LEITO
1665,46,COMETA,CONV AR
1665,46,COMETA,CONV
1665,46,COMETA,CONV AR
1665,46,COMETA,CONV AR
1665,46,COMETA,CONV
1665,46,COMETA,CONV AR
1665,46,COMETA,CONV AR
1,52,COMETA,CONV
1,52,COMETA,CONV
1,52,COMETA,CONV
1,52,COMETA,CONV
1,52,COMETA,CONV
1,52,COMETA,CONV
1,52,COMETA,CONV
1,52,COMETA,CONV
1,52,COMETA,CONV
1,52,COMETA,CONV
1,52,COMETA,CONV
1,52,COMETA,CONV
1,52,COMETA,CONV
1,52,COMETA,CONV
1,53,COMETA,CONV
1,53,COMETA,CONV
1,53,COMETA,CONV
1,53,COMETA,CONV
1,53,COMETA,CONV
1,53,COMETA,CONV
1,53,COMETA,CONV
1,53,COMETA,CONV
1,53,COMETA,CONV
1,53,COMETA,CONV
1,53,COMETA,CONV
1,53,COMETA,CONV
1,53,COMETA,CONV
1,53,COMETA,CONV
1,55,COMETA,CONV
1,55,COMETA,CONV
1,55,COMETA,CONV
1,55,COMETA,GTV EX.
1,55,COMETA,GTV 1.CLS
1,55,COMETA,CONV
1,55,COMETA,CONV
1,55,COMETA,CONV
1,55,COMETA,GTV EX.
1,55,COMETA,GTV 1.CLS
1,55,COMETA,CONV
1,55,COMETA,CONV.S
1,55,COMETA,CONV
1,55,COMETA,LEITO
1,55,COMETA,CONV
1,55,COMETA,GTV EX.
1,55,COMETA,GTV 1.CLS
1,55,ITAPEMIRIM,CONV C/ AR
1,55,ITAPEMIRIM,CONV C/ AR
1,55,ITAPEMIRIM,CONV C/ AR
1,55,ITAPEMIRIM,CONV C/ AR
1,55,ITAPEMIRIM,SEMI LEITO
1,55,ITAPEMIRIM,CONV C/ AR
1,55,ITAPEMIRIM,EXECUTIVO
1,55,ITAPEMIRIM,CONV C/ AR
1,55,ITAPEMIRIM,CONV C/ AR
1,55,ITAPEMIRIM,CONV C/ AR
1,55,ITAPEMIRIM,CONV C/ AR
1,55,ITAPEMIRIM,CONV C/ AR
1,55,ITAPEMIRIM,LEITO-CAMA
1,55,ITAPEMIRIM,LEITO
1,55,ITAPEMIRIM,CONV C/ AR
2,55,CATARINENSE,CONV. AR+WC
2,55,CATARINENSE,CONV. AR+WC
2,55,CATARINENSE,CONV. AR+WC
2,55,CATARINENSE,EXECUTIVO DS
2,55,CATARINENSE,LEITO DS
2,55,CATARINENSE,CONV. AR+WC
30,55,ITAPEMIRIM,CONV C/ AR
57,55,ITAPEMIRIM,CONV C/ AR
68,55,CATARINENSE,CONV. AR+WC
68,55,CATARINENSE,CONV. AR+WC
68,55,CATARINENSE,EXECUTIVO DD
68,55,CATARINENSE,LEITO DD
68,55,CATARINENSE,CONV. AR+WC
68,55,CATARINENSE,EX DD DIRETO
68,55,CATARINENSE,LEITO DIRETO
68,55,CATARINENSE,EXECUTIVO DD
68,55,CATARINENSE,LEITO DD
68,55,CATARINENSE,CONV. AR+WC
68,55,CATARINENSE,EXECUTIVO DD
68,55,CATARINENSE,LEITO DD
68,55,CATARINENSE,CONV. AR+WC
68,55,CATARINENSE,EXECUTIVO DD
68,55,CATARINENSE,LEITO DD
68,55,CATARINENSE,CONV. AR+WC
68,55,CATARINENSE,EXECUTIVO DD
68,55,CATARINENSE,LEITO DD
68,55,CATARINENSE,CONV. AR+WC
68,55,CATARINENSE,CONV. AR+WC
68,55,CATARINENSE,EXECUTIVO DD
68,55,CATARINENSE,LEITO DD
68,55,CATARINENSE,CONV. AR+WC
68,55,CATARINENSE,EX DD DIRETO
68,55,CATARINENSE,LEITO DIRETO
68,55,CATARINENSE,CONV. AR+WC
68,55,CATARINENSE,EXECUTIVO DD
68,55,CATARINENSE,LEITO DD
68,55,CATARINENSE,CONV. AR+WC
68,55,CATARINENSE,CONV. AR+WC
68,55,EXPRESSO DO SUL,CONV AR
68,55,EXPRESSO DO SUL,CONV AR
68,55,PLUMA,CONVENCIONAL
105,55,CATARINENSE,CONV. AR+WC
105,55,CATARINENSE,CONV. AR+WC
105,55,CATARINENSE,CONV. AR+WC
105,55,CATARINENSE,CONV. AR+WC
105,55,CATARINENSE,EXECUTIVO DD
105,55,CATARINENSE,LEITO DD
105,55,CATARINENSE,CONV. AR+WC
105,55,CATARINENSE,EXECUTIVO DD
105,55,CATARINENSE,LEITO DD
105,55,CATARINENSE,CONV. AR+WC
105,55,CATARINENSE,EXECUTIVO DD
105,55,CATARINENSE,LEITO DD
105,55,CATARINENSE,CONV. AR+WC
105,55,CATARINENSE,EXECUTIVO DD
105,55,CATARINENSE,LEITO DD
105,55,CATARINENSE,CONV. AR+WC
105,55,CATARINENSE,EXECUTIVO DD
105,55,CATARINENSE,LEITO DD
105,55,CATARINENSE,CONV. AR+WC
105,55,CATARINENSE,CONV. AR+WC
105,55,CATARINENSE,EXECUTIVO DD
105,55,CATARINENSE,LEITO DD
105,55,CATARINENSE,CONV. AR+WC
105,55,CATARINENSE,EXECUTIVO
105,55,CATARINENSE,CONV. AR+WC
105,55,CATARINENSE,EXECUTIVO DD
105,55,CATARINENSE,LEITO DD
105,55,CATARINENSE,CONV. AR+WC
105,55,PLUMA,CONVENCIONAL
114,55,CATARINENSE,CONV. AR+WC
114,55,CATARINENSE,CONV. AR+WC
114,55,CATARINENSE,CONV. AR+WC
114,55,CATARINENSE,CONV. AR+WC
114,55,CATARINENSE,CONV. AR+WC
114,55,CATARINENSE,CONV. AR+WC
114,55,CATARINENSE,CONV. AR+WC
114,55,CATARINENSE,CONV. AR+WC
114,55,CATARINENSE,CONV. AR+WC
154,55,CATARINENSE,CONV. AR+WC
154,55,CATARINENSE,CONV. AR+WC
154,55,CATARINENSE,CONV. AR+WC
154,55,CATARINENSE,CONV. AR+WC
154,55,CATARINENSE,CONV. AR+WC
154,55,CATARINENSE,LEITO PR
154,55,CATARINENSE,CONV. AR+WC
154,55,CATARINENSE,LEITO PR
154,55,CATARINENSE,CONV. AR+WC
154,55,CATARINENSE,CONV. AR+WC
154,55,GARCIA,CONVENC.
154,55,GARCIA,CONVENC.
154,55,GARCIA,LEITO
184,55,CATARINENSE,CONV. AR+WC
184,55,CATARINENSE,CONV. AR+WC
184,55,CATARINENSE,CONV. AR+WC
184,55,CATARINENSE,CONV. AR+WC
184,55,CATARINENSE,CONV. AR+WC
184,55,CATARINENSE,LEITO PR
184,55,CATARINENSE,CONV. AR+WC
184,55,CATARINENSE,CONV. AR+WC
184,55,CATARINENSE,LEITO PR
184,55,CATARINENSE,CONV. AR+WC
207,55,CATARINENSE,CONV. AR+WC
207,55,CATARINENSE,CONV. AR+WC
207,55,CATARINENSE,CONV. AR+WC
207,55,CATARINENSE,CONV. AR+WC
207,55,CATARINENSE,CONV. AR+WC
207,55,CATARINENSE,CONV. AR+WC
207,55,CATARINENSE,CONV. AR+WC
207,55,CATARINENSE,CONV. AR+WC
207,55,CATARINENSE,CONV. AR+WC
207,55,CATARINENSE,CONV. AR+WC
207,55,CATARINENSE,CONV. AR+WC
207,55,CATARINENSE,CONV. AR+WC
207,55,CATARINENSE,CONV. AR+WC
207,55,CATARINENSE,CONV. AR+WC
207,55,CATARINENSE,CONV. AR+WC
207,55,CATARINENSE,CONV. AR+WC
207,55,CATARINENSE,CONV. AR+WC
220,55,CATARINENSE,CONV. AR+WC
220,55,CATARINENSE,CONV. AR+WC
220,55,CATARINENSE,CONV. AR+WC
220,55,CATARINENSE,CONV. AR+WC
220,55,CATARINENSE,CONV. AR+WC
220,55,CATARINENSE,CONV. AR+WC
220,55,CATARINENSE,CONV. AR+WC
220,55,CATARINENSE,CONV. AR+WC
220,55,CATARINENSE,CONV. AR+WC
220,55,CATARINENSE,CONV. AR+WC
220,55,CATARINENSE,CONV. AR+WC
220,55,CATARINENSE,CONV. AR+WC
220,55,CATARINENSE,EXECUTIVO DD
220,55,CATARINENSE,LEITO DD
220,55,CATARINENSE,CONV. AR+WC
220,55,CATARINENSE,CONV. AR+WC
220,55,CATARINENSE,CONV. AR+WC
220,55,CATARINENSE,CONV. AR+WC
220,55,CATARINENSE,EXECUTIVO DD
220,55,CATARINENSE,LEITO DD
220,55,CATARINENSE,CONV. AR+WC
220,55,CATARINENSE,CONV. AR+WC
220,55,CATARINENSE,EXECUTIVO DD
220,55,CATARINENSE,LEITO DD
220,55,CATARINENSE,CONV. AR+WC
220,55,CATARINENSE,CONV. AR+WC
220,55,CATARINENSE,CONV. AR+WC
220,55,CATARINENSE,EXECUTIVO DD
220,55,CATARINENSE,LEITO DD
220,55,CATARINENSE,CONV. AR+WC
220,55,CATARINENSE,CONV. AR+WC
220,55,CATARINENSE,CONV. AR+WC
220,55,CATARINENSE,CONV. AR+WC
220,55,CATARINENSE,EXECUTIVO DD
220,55,CATARINENSE,LEITO DD
220,55,CATARINENSE,CONV. AR+WC
220,55,CATARINENSE,CONV. AR+WC
220,55,CATARINENSE,CONV. AR+WC
220,55,CATARINENSE,CONV. AR+WC
220,55,CATARINENSE,CONV. AR+WC
220,55,CATARINENSE,CONV. AR+WC
220,55,CATARINENSE,EXECUTIVO DD
220,55,CATARINENSE,LEITO DD
220,55,CATARINENSE,CONV. AR+WC
220,55,CATARINENSE,CONV. AR+WC
220,55,CATARINENSE,CONV. AR+WC
220,55,CATARINENSE,CONV. AR+WC
220,55,CATARINENSE,EXECUTIVO
220,55,CATARINENSE,CONV. AR+WC
220,55,CATARINENSE,CONV. AR+WC
220,55,CATARINENSE,EXECUTIVO DD
220,55,CATARINENSE,LEITO DD
220,55,PLUMA,CONVENCIONAL
450,55,PLUMA,DOUBLE DECK
450,55,PLUMA,LEITO
450,55,PLUMA,DOUBLE DECK
450,55,PLUMA,LEITO
450,55,PLUMA,DOUBLE DECK
450,55,PLUMA,LEITO
1531,55,GARCIA,EXECUTIVO
1531,55,GARCIA,CONVENC.
1531,55,GARCIA,LEITO
1531,55,GARCIA,EXECUTIVO
1531,55,GARCIA,LEITO
1531,55,GARCIA,EXECUTIVO
1536,55,GARCIA,EXECUTIVO
1536,55,GARCIA,CONVENC.
1536,55,GARCIA,CONVENC.
1536,55,GARCIA,CONVENC.
1536,55,GARCIA,EXECUTIVO
1536,55,GARCIA,LEITO
1608,55,GARCIA,CONVENC.
2427,55,GARCIA,CONVENC.
2427,55,GARCIA,CONVENC.
2427,55,GARCIA,LEITO
2772,55,GARCIA,CONVENC.
2772,55,GARCIA,LEITO
1,56,COMETA,CONV
1,56,COMETA,CONV
1,56,COMETA,CONV
1,56,COMETA,CONV
1,56,COMETA,CONV
1,56,COMETA,CONV
1,56,COMETA,CONV
1,56,COMETA,CONV
1,56,COMETA,CONV
1,57,EXPRESSO DO SUL,CONV AR
1,57,EXPRESSO DO SUL,GTV EX.
1,57,EXPRESSO DO SUL,GTV 1.CLS
1,57,EXPRESSO DO SUL,CONV AR
1,57,EXPRESSO DO SUL,CONV AR
1,57,EXPRESSO DO SUL,CONV AR
1,57,EXPRESSO DO SUL,GTV EX.
1,57,EXPRESSO DO SUL,GTV 1.CLS
1,57,EXPRESSO DO SUL,CONV AR
1,57,EXPRESSO DO SUL,GTV EX.
1,57,EXPRESSO DO SUL,GTV 1.CLS
1,57,EXPRESSO DO SUL,CONV AR
1,57,EXPRESSO DO SUL,GTV EX.
1,57,EXPRESSO DO SUL,GTV 1.CLS
1,57,EXPRESSO DO SUL,CONV AR
1,57,EXPRESSO DO SUL,GTV EX.
1,57,EXPRESSO DO SUL,GTV 1.CLS
1,57,EXPRESSO DO SUL,CONV AR
1,57,EXPRESSO DO SUL,LEITO
1,57,1001,CONV C/AR
1,57,1001,LEITO
1,57,1001,LEITO DD
1,57,1001,EXECUTIVO DD
1,57,1001,LEITO DD
1,57,1001,EXECUTIVO DD
1,57,1001,LEITO DD
1,57,1001,EXECUTIVO DD
1,57,1001,LEITO DD
1,57,1001,EXECUTIVO DD
1,57,1001,CONV C/AR
1,57,1001,LEITO DD
1,57,1001,EXECUTIVO DD
1,57,1001,LEITO DD
1,57,1001,EXECUTIVO DD
1,57,1001,LEITO DD
1,57,1001,EXECUTIVO DD
1,57,1001,CONV C/AR
1,57,1001,LEITO DD
1,57,1001,EXECUTIVO DD
1,57,1001,LEITO
1,57,1001,LEITO DD
1,57,1001,EXECUTIVO DD
1,57,ITAPEMIRIM,CONV C/ AR
1,57,ITAPEMIRIM,CONV C/ AR
1,57,ITAPEMIRIM,CONV C/ AR
1,57,ITAPEMIRIM,CONV C/ AR
1,57,ITAPEMIRIM,SEMI LEITO
1,57,ITAPEMIRIM,CONV C/ AR
1,57,ITAPEMIRIM,SEMI LEITO
1,57,ITAPEMIRIM,SEMI LEITO
1,57,ITAPEMIRIM,CONV C/ AR
1,57,ITAPEMIRIM,SEMI LEITO
1,57,ITAPEMIRIM,CONV C/ AR
1,57,ITAPEMIRIM,CONV C/ AR
1,57,ITAPEMIRIM,CONV C/ AR
1,57,ITAPEMIRIM,LEITO
1,57,ITAPEMIRIM,LEITO-CAMA
1,57,EXPRESSO BRASILEIRO,CONVENCIONAL
1,57,EXPRESSO BRASILEIRO,CONVENCIONAL
1,57,EXPRESSO BRASILEIRO,CONVENCIONAL
1,57,EXPRESSO BRASILEIRO,CONVENCIONAL
1,57,EXPRESSO BRASILEIRO,EXECUTIVO
1,57,EXPRESSO BRASILEIRO,1CLASSE LEIT
1,57,EXPRESSO BRASILEIRO,CONVENCIONAL
1,57,EXPRESSO BRASILEIRO,EXECUTIVO
1,57,EXPRESSO BRASILEIRO,1CLASSE LEIT
1,57,EXPRESSO BRASILEIRO,CONVENCIONAL
1,57,EXPRESSO BRASILEIRO,EXECUTIVO
1,57,EXPRESSO BRASILEIRO,1CLASSE LEIT
1,57,EXPRESSO BRASILEIRO,CONVENCIONAL
1,57,EXPRESSO BRASILEIRO,EXECUTIVO
1,57,EXPRESSO BRASILEIRO,1CLASSE LEIT
1,57,EXPRESSO BRASILEIRO,CONVENCIONAL
1,57,EXPRESSO BRASILEIRO,CONVENCIONAL
1,57,EXPRESSO BRASILEIRO,LEITO CAMA
2,57,UTIL,EXE
2,57,UTIL,S.LEI
2,57,UTIL,S.LEI
2,57,UTIL,S.LEI
2,57,UTIL,EXE
2,57,UTIL,S.LEI
2,57,UTIL,S.LEI
2,57,UTIL,CON
2,57,UTIL,LEITO
2,57,UTIL,LEITO
2,57,UTIL,EXE
2,57,UTIL,S.LEI
3,57,COMETA,GTV EX.
3,57,COMETA,GTV 1.CLS
3,57,COMETA,CONV
3,57,COMETA,GTV EX.
3,57,COMETA,GTV 1.CLS
3,57,COMETA,CONV
3,57,COMETA,CONV
3,57,COMETA,GTV EX.
3,57,COMETA,GTV 1.CLS
3,57,COMETA,CONV
7,57,COMETA,CONV
7,57,COMETA,EXEC
17,57,1001,EXECUTIVO
19,57,PLUMA,CONVENCIONAL
23,57,1001,CONV C/AR
23,57,ITAPEMIRIM,CONV C/ AR
24,57,1001,CONV C/AR
24,57,ITAPEMIRIM,CONV C/ AR
30,57,SAMPAIO,CON
30,57,SAMPAIO,S.LEI
30,57,SAMPAIO,EXE
30,57,SAMPAIO,EXE
30,57,SAMPAIO,CON
30,57,SAMPAIO,EXE
30,57,SAMPAIO,CON
30,57,SAMPAIO,EXE
30,57,SAMPAIO,EXE
30,57,SAMPAIO,S.LEI
40,57,SAMPAIO,EXE
40,57,SAMPAIO,EXE
40,57,SAMPAIO,EXE
40,57,SAMPAIO,EXE
55,57,ITAPEMIRIM,CONV C/ AR
59,57,UTIL,CON
59,57,UTIL,C/AR
59,57,UTIL,C/AR
59,57,UTIL,C/AR
59,57,UTIL,C/AR
59,57,UTIL,S.LEI
59,57,UTIL,C/AR
59,57,BRISA,C/AR
59,57,UTIL,C/AR
59,57,UTIL,C/AR
59,57,UTIL,C/AR
59,57,UTIL,CON
59,57,UTIL,C/AR
59,57,BRISA,CON
59,57,BRISA,CON
59,57,UTIL,C/AR
59,57,UTIL,C/AR
59,57,UTIL,C/AR
59,57,UTIL,C/AR
59,57,UTIL,S.LEI
59,57,UTIL,CON
64,57,COMETA,CONV
64,57,COMETA,CONV
64,57,COMETA,CONV
64,57,COMETA,CONV
64,57,COMETA,GTV EX.
64,57,COMETA,GTV 1.CLS
64,57,COMETA,CONV
64,57,COMETA,LEITO
64,57,UTIL,S.LEI
64,57,UTIL,CON
64,57,UTIL,CON
64,57,UTIL,S.LEI
64,57,UTIL,S.LEI
64,57,UTIL,EXE
64,57,UTIL,EXE
64,57,UTIL,EXE
64,57,UTIL,CON
64,57,UTIL,LEITO
64,57,UTIL,EXE
64,57,UTIL,CON
64,57,UTIL,S.LEI
67,57,COMETA,CONV
67,57,COMETA,CONV
68,57,ITAPEMIRIM,CONV C/ AR
76,57,ITAPEMIRIM,CONV C/ AR
76,57,UTIL,EXE
76,57,UTIL,S.LEI
76,57,UTIL,EXE
77,57,AGUIA BRANCA,SEMI-LEITO
91,57,COSTA VERDE,CONV
91,57,COSTA VERDE,CONV
91,57,COSTA VERDE,CONV
91,57,COSTA VERDE,CONV
91,57,COSTA VERDE,CONV
91,57,COSTA VERDE,CONV
91,57,COSTA VERDE,CONV
91,57,COSTA VERDE,CONV
91,57,COSTA VERDE,CONV
91,57,COSTA VERDE,CONV
91,57,COSTA VERDE,CONV
91,57,COSTA VERDE,CONV
91,57,COSTA VERDE,CONV
91,57,COSTA VERDE,CONV
91,57,COSTA VERDE,CONV
91,57,COSTA VERDE,CONV
91,57,COSTA VERDE,CONV
91,57,COSTA VERDE,CONV
91,57,COSTA VERDE,CONV
96,57,1001,CONV C/AR
96,57,1001,CONV C/AR
96,57,1001,CONV C/AR
96,57,1001,CONV C/AR
96,57,1001,CONV C/AR
96,57,1001,CONV C/AR
96,57,1001,CONV C/AR
96,57,1001,CONV C/AR
96,57,1001,CONV C/AR
96,57,1001,CONV C/AR
96,57,1001,CONV C/AR
96,57,1001,CONV C/AR
96,57,1001,CONV C/AR
96,57,1001,CONV C/AR
96,57,1001,CONV C/AR
96,57,1001,CONV C/AR
96,57,1001,CONV C/AR
96,57,1001,CONV C/AR
96,57,1001,CONV C/AR
96,57,1001,CONV C/AR
96,57,1001,CONV C/AR
96,57,1001,CONV C/AR
96,57,1001,CONV C/AR
96,57,1001,CONV C/AR
96,57,1001,CONV C/AR
96,57,1001,CONV C/AR
102,57,1001,CONV C/AR
102,57,1001,CONV C/AR
102,57,1001,CONV C/AR
102,57,1001,CONV C/AR
102,57,1001,CONVENCIONAL
102,57,1001,CONV C/AR
102,57,1001,CONVENCIONAL
102,57,1001,CONV C/AR
102,57,1001,CONVENCIONAL
102,57,1001,CONV C/AR
102,57,1001,CONV C/AR
106,57,UTIL,S.LEI
106,57,UTIL,CON
106,57,UTIL,C/AR
128,57,1001,CONV C/AR
128,57,1001,CONV C/AR
128,57,1001,CONV C/AR
128,57,1001,CONV C/AR
128,57,1001,CONV C/AR
128,57,1001,CONV C/AR
128,57,1001,CONV C/AR
128,57,1001,CONV C/AR
129,57,1001,CONV C/AR
129,57,1001,CONV C/AR
129,57,1001,CONV C/AR
129,57,1001,CONV C/AR
129,57,1001,CONV C/AR
129,57,1001,CONV C/AR
129,57,1001,CONV C/AR
129,57,1001,CONV C/AR
129,57,1001,CONVENCIONAL
129,57,1001,CONV C/AR
129,57,1001,CONV C/AR
129,57,1001,CONV C/AR
129,57,1001,CONV C/AR
129,57,1001,CONVENCIONAL
129,57,1001,CONV C/AR
129,57,1001,CONV C/AR
129,57,1001,CONV C/AR
129,57,1001,CONV C/AR
129,57,1001,CONVENCIONAL
129,57,1001,CONV C/AR
129,57,1001,CONV C/AR
129,57,1001,CONVENCIONAL
129,57,1001,CONVENCIONAL
129,57,1001,CONV C/AR
129,57,1001,CONV C/AR
129,57,1001,CONVENCIONAL
129,57,1001,CONV C/AR
129,57,1001,CONV C/AR
129,57,1001,CONV C/AR
129,57,1001,CONV C/AR
129,57,1001,CONVENCIONAL
129,57,1001,CONV C/AR
129,57,1001,CONV C/AR
129,57,1001,CONV C/AR
129,57,1001,CONV C/AR
129,57,1001,CONV C/AR
129,57,1001,CONV C/AR
141,57,1001,CONV C/AR
141,57,1001,EXECUTIVO DD
141,57,1001,LEITO DD
141,57,1001,CONV C/AR
141,57,1001,LEITO DD
141,57,1001,EXECUTIVO DD
141,57,1001,EXEC MASTER
141,57,1001,EXECUTIVO DD
141,57,1001,LEITO DD
141,57,1001,CONV C/AR
141,57,1001,EXECUTIVO DD
141,57,1001,LEITO DD
141,57,1001,CONV C/AR
141,57,1001,CONV C/AR
141,57,1001,CONV C/AR
141,57,1001,LEITO DD
141,57,1001,EXECUTIVO DD
141,57,1001,CONV C/AR
141,57,1001,CONV C/AR
141,57,1001,CONV C/AR
141,57,1001,EXEC MASTER
141,57,1001,EXECUTIVO DD
141,57,1001,LEITO DD
141,57,1001,EXEC MASTER
141,57,1001,LEITO DD
141,57,1001,EXECUTIVO DD
141,57,1001,CONV C/AR
141,57,1001,EXECUTIVO DD
141,57,1001,LEITO DD
141,57,1001,EXEC MASTER
141,57,1001,CONV C/AR
141,57,1001,CONV C/AR
141,57,1001,CONV C/AR
141,57,1001,EXECUTIVO DD
141,57,1001,LEITO DD
141,57,1001,CONV C/AR
141,57,1001,CONV C/AR
141,57,1001,CONV C/AR
141,57,1001,LEITO DD
141,57,1001,EXECUTIVO DD
141,57,1001,EXECUTIVO DD
141,57,1001,LEITO DD
141,57,1001,EXEC MASTER
184,57,PLUMA,CONVENCIONAL
184,57,PLUMA,CONVENCIONAL
211,57,1001,CONVENCIONAL
211,57,1001,CONVENCIONAL
211,57,1001,CONV C/AR
211,57,1001,CONVENCIONAL
211,57,1001,EXECUTIVO
211,57,1001,CONVENCIONAL
211,57,1001,LEITO DS
211,57,1001,EXECUTIVO DS
211,57,1001,CONV C/AR
211,57,1001,CONVENCIONAL
211,57,1001,CONVENCIONAL
211,57,1001,EXECUTIVO
211,57,1001,CONV C/AR
211,57,1001,CONV C/AR
211,57,1001,EXECUTIVO
211,57,1001,CONVENCIONAL
211,57,1001,CONVENCIONAL
211,57,1001,CONVENCIONAL
211,57,1001,CONV C/AR
211,57,1001,CONVENCIONAL
211,57,1001,LEITO DS
211,57,1001,EXECUTIVO DS
232,57,MACAENSE,CONV C/AR
232,57,MACAENSE,CONV C/AR
232,57,1001,ESPECIAL
232,57,MACAENSE,CONV C/AR
232,57,1001,CONV C/AR
232,57,MACAENSE,CONV C/AR
232,57,1001,CONV C/AR
232,57,1001,ESPECIAL
232,57,1001,CONV C/AR
232,57,1001,ESPECIAL
232,57,1001,CONV C/AR
232,57,MACAENSE,CONV C/AR
232,57,1001,ESPECIAL
232,57,1001,CONV C/AR
232,57,1001,ESPECIAL
232,57,1001,CONV C/AR
232,57,1001,CONV C/AR
232,57,1001,ESPECIAL
232,57,1001,CONV C/AR
232,57,1001,ESPECIAL
232,57,1001,CONV C/AR
232,57,1001,CONV C/AR
232,57,1001,ESPECIAL
232,57,1001,CONV C/AR
232,57,1001,CONV C/AR
232,57,1001,ESPECIAL
232,57,1001,CONV C/AR
232,57,1001,CONV C/AR
232,57,1001,ESPECIAL
232,57,1001,CONV C/AR
232,57,1001,CONV C/AR
232,57,1001,ESPECIAL
232,57,1001,CONV C/AR
232,57,1001,CONV C/AR
232,57,1001,ESPECIAL
232,57,1001,CONV C/AR
232,57,1001,CONV C/AR
232,57,1001,ESPECIAL
232,57,1001,CONV C/AR
232,57,1001,ESPECIAL
232,57,1001,CONV C/AR
232,57,1001,CONV C/AR
232,57,1001,ESPECIAL
232,57,1001,CONV C/AR
232,57,1001,ESPECIAL
232,57,1001,CONV C/AR
232,57,1001,CONV C/AR
232,57,1001,ESPECIAL
232,57,MACAENSE,CONV C/AR
232,57,1001,CONV C/AR
261,57,1001,CONVENCIONAL
261,57,1001,CONVENCIONAL
261,57,1001,CONV C/AR
261,57,1001,CONVENCIONAL
261,57,1001,CONV C/AR
261,57,1001,CONV C/AR
261,57,1001,CONVENCIONAL
261,57,1001,CONV C/AR
261,57,1001,CONVENCIONAL
261,57,1001,CONV C/AR
261,57,1001,CONV C/AR
261,57,1001,CONVENCIONAL
261,57,1001,CONV C/AR
261,57,1001,CONV C/AR
261,57,1001,CONV C/AR
261,57,1001,CONV C/AR
261,57,1001,CONV C/AR
261,57,1001,CONV C/AR
261,57,1001,CONV C/AR
261,57,1001,CONVENCIONAL
261,57,1001,CONV C/AR
261,57,1001,CONVENCIONAL
266,57,UTIL,EXE
266,57,UTIL,CON
304,57,MACAENSE,CONV C/AR
304,57,MACAENSE,CONV C/AR
304,57,MACAENSE,CONV C/AR
304,57,MACAENSE,CONV C/AR
304,57,1001,CONV C/AR
304,57,MACAENSE,CONV C/AR
304,57,1001,CONV C/AR
304,57,MACAENSE,CONV C/AR
304,57,MACAENSE,CONV C/AR
304,57,MACAENSE,CONV C/AR
304,57,1001,CONV C/AR
304,57,MACAENSE,CONV C/AR
304,57,1001,CONV C/AR
304,57,MACAENSE,CONV C/AR
304,57,1001,CONV C/AR
304,57,MACAENSE,CONV C/AR
304,57,1001,CONV C/AR
304,57,MACAENSE,CONV C/AR
304,57,1001,CONV C/AR
304,57,MACAENSE,CONV C/AR
304,57,1001,CONV C/AR
304,57,MACAENSE,CONV C/AR
304,57,1001,CONV C/AR
304,57,MACAENSE,CONV C/AR
304,57,1001,CONV C/AR
304,57,MACAENSE,CONV C/AR
304,57,1001,CONV C/AR
304,57,MACAENSE,CONV C/AR
304,57,1001,CONV C/AR
304,57,MACAENSE,CONV C/AR
304,57,1001,CONV C/AR
304,57,MACAENSE,CONV C/AR
304,57,1001,CONV C/AR
304,57,MACAENSE,CONV C/AR
348,57,1001,CONV C/AR
348,57,1001,CONV C/AR
348,57,1001,CONV C/AR
348,57,1001,CONV C/AR
348,57,1001,CONV C/AR
348,57,1001,CONV C/AR
348,57,1001,CONV C/AR
348,57,1001,CONV C/AR
348,57,1001,CONVENCIONAL
348,57,1001,CONV C/AR
348,57,1001,CONV C/AR
348,57,1001,CONV C/AR
348,57,1001,CONV C/AR
348,57,1001,CONVENCIONAL
348,57,1001,CONV C/AR
348,57,1001,CONV C/AR
348,57,1001,CONV C/AR
348,57,1001,CONV C/AR
348,57,1001,CONVENCIONAL
348,57,1001,CONV C/AR
348,57,1001,CONV C/AR
348,57,1001,CONVENCIONAL
348,57,1001,CONVENCIONAL
348,57,1001,CONV C/AR
348,57,1001,CONV C/AR
348,57,1001,CONVENCIONAL
348,57,1001,CONV C/AR
348,57,1001,CONV C/AR
348,57,1001,CONV C/AR
348,57,1001,CONV C/AR
348,57,1001,CONVENCIONAL
348,57,1001,CONV C/AR
348,57,1001,CONV C/AR
348,57,1001,CONV C/AR
348,57,1001,CONV C/AR
348,57,1001,CONV C/AR
348,57,1001,CONV C/AR
349,57,UTIL,EXE
349,57,UTIL,EXE
399,57,ITAPEMIRIM,CONV C/ AR
1197,57,UTIL,Array
1197,57,UTIL,Array
1197,57,UTIL,Array
1197,57,UTIL,Array
1197,57,UTIL,Array
1197,57,UTIL,Array
1197,57,UTIL,Array
1197,57,UTIL,Array
1445,57,ITAPEMIRIM,CONV C/ AR
1445,57,ITAPEMIRIM,CONV C/ AR
1445,57,ITAPEMIRIM,EXECUTIVO
1445,57,ITAPEMIRIM,CONV C/ AR
1445,57,ITAPEMIRIM,CONV C/ AR
1445,57,ITAPEMIRIM,EXECUTIVO
1505,57,ITAPEMIRIM,CONV C/ AR
1505,57,ITAPEMIRIM,CONV C/ AR
1505,57,ITAPEMIRIM,EXECUTIVO
1531,57,GARCIA,LEITO
1531,57,GARCIA,CONVENC.
1653,57,AGUIA BRANCA,CONVENCIONAL
1653,57,AGUIA BRANCA,CONVENCIONAL
1653,57,AGUIA BRANCA,DOUBLE LEITO
1653,57,AGUIA BRANCA,DOUBLE PLUS
1653,57,AGUIA BRANCA,CONVENCIONAL
1653,57,AGUIA BRANCA,EXECUTIVO
1653,57,AGUIA BRANCA,EXECUTIVO
1653,57,ITAPEMIRIM,EXECUTIVO
1653,57,ITAPEMIRIM,CONV C/ AR
1653,57,ITAPEMIRIM,EXECUTIVO
1653,57,ITAPEMIRIM,CONV C/ AR
1653,57,ITAPEMIRIM,SEMI LEITO
1653,57,ITAPEMIRIM,EXECUTIVO
1655,57,COSTA VERDE,CONV
1655,57,COSTA VERDE,CONV
1655,57,COSTA VERDE,CONV
1655,57,COSTA VERDE,CONV
1655,57,COSTA VERDE,CONV
1655,57,COSTA VERDE,CONV
1655,57,COSTA VERDE,CONV
1655,57,COSTA VERDE,CONV
1655,57,COSTA VERDE,CONV
1655,57,COSTA VERDE,CONV
1655,57,COSTA VERDE,CONV
1655,57,COSTA VERDE,CONV
1655,57,COSTA VERDE,CONV
2242,57,UTIL,EXE
2242,57,UTIL,S.LEI
2242,57,UTIL,S.LEI
2242,57,UTIL,S.LEI
2242,57,UTIL,EXE
2242,57,UTIL,S.LEI
2242,57,UTIL,S.LEI
2242,57,UTIL,CON
2721,57,SAMPAIO,EXE
2721,57,SAMPAIO,EXE
2721,57,SAMPAIO,EXE
3356,57,AGUIA BRANCA,CONVENCIONAL
3356,57,AGUIA BRANCA,CONVENCIONAL
3356,57,AGUIA BRANCA,DOUBLE LEITO
3356,57,AGUIA BRANCA,DOUBLE PLUS
3356,57,AGUIA BRANCA,CONVENCIONAL
3356,57,AGUIA BRANCA,EXECUTIVO
1,59,COMETA,CONV
1,59,COMETA,CONV
1,59,COMETA,CONV
1,59,COMETA,CONV
1,59,COMETA,CONV
1,59,COMETA,CONV
1,59,COMETA,CONV
1,59,COMETA,LEITO
1,59,COMETA,GTV EX.
1,59,COMETA,GTV 1.CLS
57,59,BRISA,CON
57,59,UTIL,CON
57,59,UTIL,C/AR
57,59,BRISA,CON
57,59,UTIL,C/AR
57,59,UTIL,C/AR
57,59,UTIL,C/AR
57,59,UTIL,S.LEI
57,59,UTIL,C/AR
57,59,UTIL,C/AR
57,59,UTIL,C/AR
57,59,BRISA,C/AR
57,59,UTIL,C/AR
57,59,UTIL,C/AR
57,59,UTIL,CON
57,59,UTIL,C/AR
57,59,UTIL,C/AR
57,59,UTIL,S.LEI
57,59,UTIL,CON
57,59,UTIL,C/AR
76,59,ITAPEMIRIM,CONV C/ AR
76,59,UTIL,S.LEI
76,59,UTIL,EXE
258,59,BRISA,CON
258,59,BRISA,C/AR
1,60,COMETA,CONV
1,60,COMETA,CONV
1,60,COMETA,CONV
1,60,COMETA,CONV
1,60,COMETA,CONV
1,60,COMETA,CONV
1,60,COMETA,CONV
1,60,COMETA,CONV
1,60,COMETA,CONV
1,64,COMETA,CONV
1,64,COMETA,CONV
1,64,COMETA,CONV
1,64,COMETA,CONV
1,64,COMETA,CONV
1,64,COMETA,CONV
1,64,COMETA,CONV
1,64,COMETA,DD EXEC
1,64,COMETA,DD LEITO
1,64,COMETA,LEITO
1,64,COMETA,CONV
1,64,COMETA,CONV
1,64,COMETA,DD EXEC
1,64,COMETA,DD LEITO
2,64,COMETA,CONV
3,64,COMETA,CONV
3,64,GARDENIA,COMERCIAL
3,64,GARDENIA,COMERCIAL
19,64,COMETA,CONV
30,64,UTIL,EXE
30,64,UTIL,CON
30,64,UTIL,CON
55,64,COMETA,CONV
57,64,COMETA,CONV
57,64,COMETA,CONV
57,64,COMETA,CONV
57,64,COMETA,CONV
57,64,COMETA,GTV EX.
57,64,COMETA,GTV 1.CLS
57,64,COMETA,CONV
57,64,UTIL,CON
57,64,UTIL,S.LEI
57,64,UTIL,CON
57,64,UTIL,S.LEI
57,64,UTIL,S.LEI
57,64,UTIL,CON
57,64,UTIL,EXE
57,64,UTIL,EXE
57,64,UTIL,CON
57,64,UTIL,LEITO
57,64,UTIL,EXE
57,64,UTIL,CON
57,64,UTIL,S.LEI
76,64,ITAPEMIRIM,CONV C/ AR
76,64,ITAPEMIRIM,SEMI LEITO
106,64,UTIL,CON
106,64,UTIL,CON
106,64,UTIL,CON
106,64,UTIL,CON
129,64,UTIL,EXE
129,64,UTIL,CON
129,64,UTIL,EXE
129,64,UTIL,S.LEI
129,64,UTIL,EXE
129,64,UTIL,S.LEI
232,64,UTIL,CON
232,64,UTIL,EXE
232,64,UTIL,S.LEI
258,64,UTIL,CON
258,64,UTIL,S.LEI
258,64,UTIL,S.LEI
258,64,UTIL,CON
1505,64,ITAPEMIRIM,CONV C/ AR
1505,64,ITAPEMIRIM,CONV C/ AR
1505,64,ITAPEMIRIM,SEMI LEITO
1505,64,ITAPEMIRIM,CONV C/ AR
1653,64,ITAPEMIRIM,CONV C/ AR
1653,64,ITAPEMIRIM,CONV C/ AR
1653,64,ITAPEMIRIM,SEMI LEITO
1653,64,ITAPEMIRIM,CONV C/ AR
1653,64,ITAPEMIRIM,CONV C/ AR
57,67,COMETA,CONV
57,67,COMETA,CONV
1,68,CATARINENSE,EXECUTIVO
1,68,CATARINENSE,CONV. AR+WC
1,68,CATARINENSE,CONV DD
1,68,CATARINENSE,LEITO DD
1,68,CATARINENSE,EXECUTIVO DD
1,68,CATARINENSE,LEITO DD
1,68,CATARINENSE,CONV DD
1,68,CATARINENSE,LEITO DD
1,68,CATARINENSE,EXECUTIVO DD
1,68,CATARINENSE,LEITO DD
1,68,CATARINENSE,CONV DD
1,68,CATARINENSE,LEITO DD
1,68,1001,CONV C/AR
1,68,1001,CONV C/AR
2,68,CATARINENSE,EXECUTIVO DS
2,68,CATARINENSE,LEITO DS
2,68,CATARINENSE,CONV. AR+WC
3,68,CATARINENSE,CONV. AR+WC
3,68,CATARINENSE,CONV. AR+WC
24,68,CATARINENSE,EXECUTIVO DS
24,68,CATARINENSE,LEITO DS
24,68,CATARINENSE,CONV. AR+WC
55,68,CATARINENSE,CONV. AR+WC
55,68,CATARINENSE,CONV. AR+WC
55,68,CATARINENSE,EXECUTIVO DD
55,68,CATARINENSE,LEITO DD
55,68,CATARINENSE,CONV. AR+WC
55,68,CATARINENSE,EX DD DIRETO
55,68,CATARINENSE,LEITO DIRETO
55,68,CATARINENSE,EXECUTIVO DD
55,68,CATARINENSE,LEITO DD
55,68,CATARINENSE,CONV. AR+WC
55,68,CATARINENSE,EXECUTIVO DD
55,68,CATARINENSE,LEITO DD
55,68,CATARINENSE,CONV. AR+WC
55,68,CATARINENSE,EXECUTIVO DD
55,68,CATARINENSE,LEITO DD
55,68,CATARINENSE,CONV. AR+WC
55,68,CATARINENSE,CONV. AR+WC
55,68,CATARINENSE,EXECUTIVO DD
55,68,CATARINENSE,LEITO DD
55,68,CATARINENSE,CONV. AR+WC
55,68,CATARINENSE,CONV. AR+WC
55,68,CATARINENSE,EXECUTIVO DD
55,68,CATARINENSE,LEITO DD
55,68,CATARINENSE,CONV. AR+WC
55,68,CATARINENSE,EX DD DIRETO
55,68,CATARINENSE,LEITO DIRETO
55,68,CATARINENSE,CONV. AR+WC
55,68,CATARINENSE,EXECUTIVO DD
55,68,CATARINENSE,LEITO DD
55,68,CATARINENSE,CONV. AR+WC
55,68,CATARINENSE,CONV. AR+WC
55,68,EXPRESSO DO SUL,CONV AR
55,68,EXPRESSO DO SUL,CONV AR
55,68,PLUMA,CONVENCIONAL
57,68,ITAPEMIRIM,CONV C/ AR
220,68,CATARINENSE,CONV. AR+WC
220,68,CATARINENSE,CONV. AR+WC
220,68,CATARINENSE,DIRETO
220,68,CATARINENSE,CONV. AR+WC
220,68,CATARINENSE,EXECUTIVO DD
220,68,CATARINENSE,CONV. AR+WC
220,68,CATARINENSE,EXECUTIVO DD
220,68,CATARINENSE,CONV. AR+WC
220,68,CATARINENSE,EXECUTIVO DD
220,68,CATARINENSE,CONV. AR+WC
220,68,CATARINENSE,EXECUTIVO DD
220,68,CATARINENSE,CONV. AR+WC
220,68,CATARINENSE,CONV. AR+WC
220,68,CATARINENSE,CONV. AR+WC
220,68,CATARINENSE,EXECUTIVO DD
220,68,CATARINENSE,CONV. AR+WC
220,68,CATARINENSE,CONV. AR+WC
220,68,CATARINENSE,EXECUTIVO DD
220,68,CATARINENSE,CONV. AR+WC
220,68,CATARINENSE,CONV. AR+WC
220,68,CATARINENSE,EXECUTIVO DD
220,68,CATARINENSE,CONV. AR+WC
1531,68,BRASIL SUL,CONVENC.
1531,68,BRASIL SUL,CONVENC.
1531,68,BRASIL SUL,CONVENC.
1536,68,BRASIL SUL,CONVENC.
1536,68,BRASIL SUL,CONVENC.
1536,68,BRASIL SUL,EXECUTIVO
57,69,SAMPAIO,EXE
57,69,SAMPAIO,EXE
57,69,SAMPAIO,EXE
57,72,SAMPAIO,EXE
57,76,ITAPEMIRIM,CONV C/ AR
57,76,UTIL,EXE
57,76,UTIL,S.LEI
57,76,UTIL,EXE
64,76,ITAPEMIRIM,CONV C/ AR
64,76,ITAPEMIRIM,SEMI LEITO
398,76,REAL EXPRESSO,CONVENCIONAL
398,76,REAL EXPRESSO,EXECUTIVO
398,76,REAL EXPRESSO,EXECUTIVO
398,76,REAL EXPRESSO,EXECUTIVO
57,77,AGUIA BRANCA,CONVENCIONAL
57,77,AGUIA BRANCA,SEMI-LEITO
232,77,AGUIA BRANCA,CONVENCIONAL
232,77,AGUIA BRANCA,SEMI-LEITO
428,77,RAPIDO FEDERAL,CONVENCIONAL
428,77,RAPIDO FEDERAL,CONVENCIONAL
428,77,RAPIDO FEDERAL,CONVENCIONAL
428,77,RAPIDO FEDERAL,CONVENCIONAL
508,77,AGUIA BRANCA,SEMI-LEITO
508,77,AGUIA BRANCA,CONVENCIONAL
508,77,AGUIA BRANCA,EXECUTIVO
508,77,AGUIA BRANCA,CONVENCIONAL
508,77,AGUIA BRANCA,CONVENCIONAL
549,82,ITAPEMIRIM,CONV C/ AR
549,83,ITAPEMIRIM,CONV C/ AR
549,83,ITAPEMIRIM,CONV C/ AR
549,83,ITAPEMIRIM,CONV C/ AR
1,84,SALUTARIS,CONVENCIONAL
1,85,1001,CONV C/AR
1,85,ITAPEMIRIM,CONV C/ AR
1,85,EXPRESSO BRASILEIRO,CONVENCIONAL
57,91,COSTA VERDE,CONV
57,91,COSTA VERDE,CONV
57,91,COSTA VERDE,CONV
57,91,COSTA VERDE,CONV
57,91,COSTA VERDE,CONV
57,91,COSTA VERDE,CONV
57,91,COSTA VERDE,CONV
57,91,COSTA VERDE,CONV
57,91,COSTA VERDE,CONV
57,91,COSTA VERDE,CONV
57,91,COSTA VERDE,CONV
57,91,COSTA VERDE,CONV
57,91,COSTA VERDE,CONV
57,91,COSTA VERDE,CONV
57,91,COSTA VERDE,CONV
57,91,COSTA VERDE,CONV
57,91,COSTA VERDE,CONV
57,91,COSTA VERDE,CONV
57,91,COSTA VERDE,CONV
57,91,COSTA VERDE,CONV
85,91,COSTA VERDE,CONV
85,91,COSTA VERDE,CONV
85,91,COSTA VERDE,CONV
85,91,COSTA VERDE,CONV
258,91,COSTA VERDE,CONV
258,91,COSTA VERDE,CONV
258,91,COSTA VERDE,CONV
258,91,COSTA VERDE,CONV
57,96,1001,CONVENCIONAL
57,96,1001,CONV C/AR
57,96,1001,CONV C/AR
57,96,1001,CONV C/AR
57,96,1001,CONV C/AR
57,96,1001,CONV C/AR
57,96,1001,CONV C/AR
57,96,1001,CONV C/AR
57,96,1001,CONV C/AR
57,96,1001,CONV C/AR
57,96,1001,CONV C/AR
57,96,1001,CONV C/AR
57,96,1001,CONV C/AR
57,96,1001,CONV C/AR
57,96,1001,CONV C/AR
57,96,1001,CONV C/AR
57,96,1001,CONV C/AR
57,96,1001,CONV C/AR
57,96,1001,CONV C/AR
57,96,1001,CONV C/AR
57,96,1001,CONV C/AR
57,96,1001,CONV C/AR
57,96,1001,CONV C/AR
57,96,1001,CONV C/AR
57,96,1001,CONV C/AR
57,96,1001,CONV C/AR
57,102,1001,CONV C/AR
57,102,1001,CONV C/AR
57,102,1001,CONVENCIONAL
57,102,1001,CONV C/AR
57,102,1001,CONV C/AR
57,102,1001,CONV C/AR
57,102,1001,CONVENCIONAL
57,102,1001,CONV C/AR
57,102,1001,CONV C/AR
57,102,1001,CONVENCIONAL
57,102,1001,CONV C/AR
57,102,1001,CONV C/AR
57,102,1001,CONV C/AR
1,105,CATARINENSE,EXECUTIVO
1,105,CATARINENSE,CONV. AR+WC
1,105,CATARINENSE,CONV DD
1,105,CATARINENSE,LEITO DD
1,105,CATARINENSE,EXECUTIVO DD
1,105,CATARINENSE,LEITO DD
1,105,CATARINENSE,CONV DD
1,105,CATARINENSE,LEITO DD
1,105,CATARINENSE,CONV. AR+WC
1,105,CATARINENSE,CONV DD
1,105,CATARINENSE,LEITO DD
1,105,1001,CONV C/AR
1,105,1001,CONV C/AR
1,105,ITAPEMIRIM,SEMI LEITO
1,105,ITAPEMIRIM,CONV C/ AR
1,105,PLUMA,CONVENCIONAL
1,105,PLUMA,LEITO
55,105,CATARINENSE,CONV. AR+WC
55,105,CATARINENSE,CONV. AR+WC
55,105,CATARINENSE,EXECUTIVO DD
55,105,CATARINENSE,LEITO DD
55,105,CATARINENSE,CONV. AR+WC
55,105,CATARINENSE,EXECUTIVO DD
55,105,CATARINENSE,LEITO DD
55,105,CATARINENSE,CONV. AR+WC
55,105,CATARINENSE,CONV. AR+WC
55,105,CATARINENSE,EXECUTIVO DD
55,105,CATARINENSE,LEITO DD
55,105,CATARINENSE,CONV. AR+WC
55,105,CATARINENSE,EXECUTIVO DD
55,105,CATARINENSE,LEITO DD
55,105,CATARINENSE,CONV. AR+WC
55,105,CATARINENSE,EXECUTIVO DD
55,105,CATARINENSE,LEITO DD
55,105,CATARINENSE,CONV. AR+WC
55,105,CATARINENSE,CONV. AR+WC
55,105,CATARINENSE,EXECUTIVO DD
55,105,CATARINENSE,LEITO DD
55,105,CATARINENSE,CONV. AR+WC
55,105,CATARINENSE,EXECUTIVO
55,105,CATARINENSE,CONV. AR+WC
55,105,CATARINENSE,EXECUTIVO DD
55,105,CATARINENSE,LEITO DD
55,105,CATARINENSE,CONV. AR+WC
55,105,CATARINENSE,CONV. AR+WC
55,105,PLUMA,CONVENCIONAL
450,105,ITAPEMIRIM,SEMI LEITO
450,105,ITAPEMIRIM,CONV C/ AR
450,105,PLUMA,DOUBLE DECK
450,105,PLUMA,LEITO
450,105,PLUMA,DOUBLE DECK
450,105,PLUMA,LEITO
450,105,PLUMA,DOUBLE DECK
450,105,PLUMA,LEITO
1531,105,BRASIL SUL,CONVENC.
1531,105,BRASIL SUL,CONVENC.
1531,105,BRASIL SUL,CONVENC.
1,106,GARDENIA,COMERCIAL
1,106,GARDENIA,COMERCIAL
1,106,GARDENIA,COMERCIAL
1,106,GARDENIA,COMERCIAL
1,106,UTIL,CON
1,106,UTIL,CON
57,106,UTIL,C/AR
57,106,UTIL,S.LEI
57,106,UTIL,CON
57,106,UTIL,CON
64,106,UTIL,CON
64,106,UTIL,CON
64,106,UTIL,CON
64,106,UTIL,CON
1,114,CATARINENSE,EXECUTIVO
1,114,CATARINENSE,LEITO
55,114,CATARINENSE,CONV. AR+WC
55,114,CATARINENSE,CONV. AR+WC
55,114,CATARINENSE,CONV. AR+WC
55,114,CATARINENSE,CONV. AR+WC
55,114,CATARINENSE,CONV. AR+WC
55,114,CATARINENSE,CONV. AR+WC
55,114,CATARINENSE,CONV. AR+WC
55,114,CATARINENSE,CONV. AR+WC
55,114,CATARINENSE,CONV. AR+WC
57,128,1001,CONV C/AR
57,128,1001,CONV C/AR
57,128,1001,CONV C/AR
57,128,1001,CONV C/AR
57,128,1001,CONV C/AR
57,128,1001,CONV C/AR
57,128,1001,CONV C/AR
57,128,1001,CONV C/AR
57,128,1001,CONV C/AR
57,128,1001,CONV C/AR
1,129,1001,LEITO DS
1,129,1001,CONV DS
1,129,1001,CONV DS
1,129,1001,LEITO DS
57,129,1001,CONVENCIONAL
57,129,1001,CONV C/AR
57,129,1001,CONV C/AR
57,129,1001,CONV C/AR
57,129,1001,CONV C/AR
57,129,1001,CONVENCIONAL
57,129,1001,CONV C/AR
57,129,1001,CONV C/AR
57,129,1001,CONVENCIONAL
57,129,1001,CONV C/AR
57,129,1001,CONV C/AR
57,129,1001,CONV C/AR
57,129,1001,CONV C/AR
57,129,1001,CONV C/AR
57,129,1001,CONV C/AR
57,129,1001,CONV C/AR
57,129,1001,CONV C/AR
57,129,1001,CONV C/AR
57,129,1001,CONVENCIONAL
57,129,1001,CONV C/AR
57,129,1001,CONVENCIONAL
57,129,1001,CONV C/AR
57,129,1001,CONV C/AR
57,129,1001,CONV C/AR
57,129,1001,CONV C/AR
57,129,1001,CONV C/AR
57,129,1001,CONVENCIONAL
57,129,1001,CONV C/AR
57,129,1001,CONVENCIONAL
57,129,1001,CONV C/AR
57,129,1001,CONV C/AR
57,129,1001,CONV C/AR
57,129,1001,CONV C/AR
57,129,1001,CONV C/AR
57,129,1001,CONV C/AR
57,129,1001,CONV C/AR
64,129,UTIL,CON
64,129,UTIL,EXE
64,129,UTIL,S.LEI
258,129,1001,CONV C/AR
258,129,1001,CONVENCIONAL
258,129,1001,CONV C/AR
258,129,1001,CONV C/AR
258,129,1001,CONV C/AR
258,129,1001,CONV C/AR
258,129,1001,CONV C/AR
258,129,1001,CONV C/AR
258,129,1001,CONV C/AR
258,129,1001,CONV C/AR
258,129,1001,CONV C/AR
258,129,1001,CONV C/AR
258,129,1001,CONV C/AR
258,129,1001,CONV C/AR
258,129,1001,CONV C/AR
258,129,1001,CONV C/AR
258,129,1001,CONV C/AR
258,129,1001,CONV C/AR
258,129,1001,CONV C/AR
258,129,1001,CONV C/AR
1,137,1001,CONV C/AR
1,137,1001,CONV C/AR
1,137,1001,ESPECIAL
1,140,ITAPEMIRIM,LEITO
1,140,ITAPEMIRIM,LEITO-CAMA
1,140,ITAPEMIRIM,CONV C/ AR
1,140,ITAPEMIRIM,LEITO-CAMA
57,140,1001,EXECUTIVO DD
57,140,1001,LEITO DD
57,140,1001,EXECUTIVO DD
57,140,1001,EXECUTIVO DD
57,140,1001,LEITO DD
57,140,1001,EXEC MASTER
57,140,1001,CONV C/AR
57,140,1001,CONV C/AR
57,140,1001,EXECUTIVO DD
57,140,1001,LEITO DD
57,140,1001,CONV C/AR
57,140,1001,CONV C/AR
57,140,1001,LEITO DD
57,140,1001,EXECUTIVO DD
57,140,1001,CONV C/AR
57,140,1001,EXEC MASTER
57,140,1001,CONV C/AR
57,140,1001,CONV C/AR
57,140,1001,EXECUTIVO DD
57,140,1001,LEITO DD
57,140,1001,CONV C/AR
57,140,1001,EXECUTIVO DD
57,140,1001,LEITO DD
57,140,1001,CONV C/AR
57,140,1001,EXEC MASTER
57,140,1001,CONV C/AR
57,140,1001,EXECUTIVO DD
57,140,1001,LEITO DD
57,140,1001,CONV C/AR
57,140,1001,CONV C/AR
57,140,1001,EXECUTIVO DD
57,140,1001,LEITO DD
57,140,1001,CONV C/AR
57,140,1001,EXEC MASTER
57,140,1001,CONV C/AR
57,140,1001,EXECUTIVO DD
57,140,1001,LEITO DD
57,140,1001,EXEC MASTER
57,140,1001,CONV C/AR
57,140,1001,EXECUTIVO DD
57,140,1001,LEITO DD
57,140,1001,CONV C/AR
57,140,1001,CONV C/AR
57,140,1001,CONV C/AR
57,140,1001,CONV C/AR
57,140,1001,EXECUTIVO DD
57,140,1001,LEITO DD
57,140,1001,CONV C/AR
57,140,1001,EXECUTIVO DD
57,140,1001,LEITO DD
57,141,1001,EXECUTIVO DD
57,141,1001,LEITO DD
57,141,1001,EXECUTIVO DD
57,141,1001,EXECUTIVO DD
57,141,1001,LEITO DD
57,141,1001,EXEC MASTER
57,141,1001,CONV C/AR
57,141,1001,CONV C/AR
57,141,1001,EXECUTIVO DD
57,141,1001,LEITO DD
57,141,1001,CONV C/AR
57,141,1001,CONV C/AR
57,141,1001,LEITO DD
57,141,1001,EXECUTIVO DD
57,141,1001,CONV C/AR
57,141,1001,EXEC MASTER
57,141,1001,CONV C/AR
57,141,1001,CONV C/AR
57,141,1001,EXECUTIVO DD
57,141,1001,LEITO DD
57,141,1001,CONV C/AR
57,141,1001,EXECUTIVO DD
57,141,1001,LEITO DD
57,141,1001,CONV C/AR
57,141,1001,EXEC MASTER
57,141,1001,CONV C/AR
57,141,1001,EXECUTIVO DD
57,141,1001,LEITO DD
57,141,1001,CONV C/AR
57,141,1001,CONV C/AR
57,141,1001,EXECUTIVO DD
57,141,1001,LEITO DD
57,141,1001,CONV C/AR
57,141,1001,EXEC MASTER
57,141,1001,CONV C/AR
57,141,1001,EXECUTIVO DD
57,141,1001,LEITO DD
57,141,1001,EXEC MASTER
57,141,1001,CONV C/AR
57,141,1001,EXECUTIVO DD
57,141,1001,LEITO DD
57,148,UTIL,CON
57,148,UTIL,EXE
1,152,ITAPEMIRIM,CONV C/ AR
1,152,ITAPEMIRIM,CONV C/ AR
1,152,ITAPEMIRIM,CONV C/ AR
1,154,PLUMA,CONVENCIONAL
1,154,PLUMA,CONVENCIONAL
1,154,PLUMA,CONVENCIONAL
55,154,CATARINENSE,CONV. AR+WC
55,154,CATARINENSE,CONV. AR+WC
55,154,CATARINENSE,CONV. AR+WC
55,154,CATARINENSE,CONV. AR+WC
55,154,CATARINENSE,CONV. AR+WC
55,154,CATARINENSE,CONV. AR+WC
55,154,CATARINENSE,LEITO PR
55,154,CATARINENSE,CONV. AR+WC
55,154,CATARINENSE,LEITO PR
55,154,CATARINENSE,CONV. AR+WC
55,154,GARCIA,CONVENC.
55,154,GARCIA,CONVENC.
55,154,GARCIA,LEITO
1,162,UTIL,CON
1,162,UTIL,CON
57,162,UTIL,EXE
57,162,UTIL,CON
1,168,PLUMA,CONVENCIONAL
1,168,PLUMA,LEITO
1,173,1001,CONV C/AR
1,173,ITAPEMIRIM,CONV C/ AR
1,173,EXPRESSO BRASILEIRO,CONVENCIONAL
1,184,PLUMA,CONVENCIONAL
1,184,PLUMA,CONVENCIONAL
1,184,PLUMA,CONVENCIONAL
55,184,CATARINENSE,CONV. AR+WC
55,184,CATARINENSE,CONV. AR+WC
55,184,CATARINENSE,CONV. AR+WC
55,184,CATARINENSE,CONV. AR+WC
55,184,CATARINENSE,CONV. AR+WC
55,184,CATARINENSE,LEITO PR
55,184,CATARINENSE,CONV. AR+WC
55,184,CATARINENSE,CONV. AR+WC
55,184,CATARINENSE,LEITO PR
55,184,CATARINENSE,CONV. AR+WC
57,184,PLUMA,CONVENCIONAL
57,184,PLUMA,CONVENCIONAL
68,184,CATARINENSE,CONV. AR+WC
68,184,PLUMA,CONVENCIONAL
68,184,PLUMA,CONVENCIONAL
68,184,PLUMA,LEITO
1,189,ITAPEMIRIM,CONV C/ AR
1,189,ITAPEMIRIM,CONV C/ AR
1,189,ITAPEMIRIM,CONV C/ AR
1,207,CATARINENSE,EXECUTIVO
1,207,CATARINENSE,CONV. AR+WC
1,207,CATARINENSE,CONV DD
1,207,CATARINENSE,LEITO DD
1,207,CATARINENSE,EXECUTIVO DD
1,207,CATARINENSE,LEITO DD
1,207,CATARINENSE,CONV DD
1,207,CATARINENSE,LEITO DD
1,207,CATARINENSE,CONV. AR+WC
1,207,CATARINENSE,CONV. AR+WC
1,207,CATARINENSE,CONV DD
1,207,CATARINENSE,LEITO DD
1,207,1001,CONV C/AR
1,207,1001,CONV C/AR
2,207,CATARINENSE,EXECUTIVO DS
2,207,CATARINENSE,LEITO DS
2,207,CATARINENSE,CONV. AR+WC
55,207,CATARINENSE,CONV. AR+WC
55,207,CATARINENSE,CONV. AR+WC
55,207,CATARINENSE,CONV. AR+WC
55,207,CATARINENSE,CONV. AR+WC
55,207,CATARINENSE,CONV. AR+WC
55,207,CATARINENSE,CONV. AR+WC
55,207,CATARINENSE,CONV. AR+WC
55,207,CATARINENSE,CONV. AR+WC
55,207,CATARINENSE,CONV. AR+WC
55,207,CATARINENSE,CONV. AR+WC
55,207,CATARINENSE,CONV. AR+WC
55,207,CATARINENSE,CONV. AR+WC
55,207,CATARINENSE,CONV. AR+WC
55,207,CATARINENSE,CONV. AR+WC
55,207,CATARINENSE,CONV. AR+WC
55,207,CATARINENSE,CONV. AR+WC
55,207,CATARINENSE,CONV. AR+WC
57,207,ITAPEMIRIM,CONV C/ AR
57,211,1001,CONVENCIONAL
57,211,1001,CONV C/AR
57,211,1001,CONVENCIONAL
57,211,1001,CONV C/AR
57,211,1001,EXECUTIVO
57,211,1001,EXECUTIVO
57,211,1001,LEITO DS
57,211,1001,EXECUTIVO DS
57,211,1001,CONV C/AR
57,211,1001,CONVENCIONAL
57,211,1001,CONVENCIONAL
57,211,1001,CONVENCIONAL
57,211,1001,CONVENCIONAL
57,211,1001,EXECUTIVO
57,211,1001,CONVENCIONAL
57,211,1001,CONV C/AR
57,211,1001,CONVENCIONAL
57,211,1001,CONVENCIONAL
57,211,1001,CONV C/AR
57,211,1001,LEITO DS
57,211,1001,EXECUTIVO DS
57,211,1001,CONVENCIONAL
1,217,CATARINENSE,EXECUTIVO DD
1,217,CATARINENSE,LEITO DD
1,217,CATARINENSE,LEITO
1,220,CATARINENSE,EXECUTIVO
1,220,CATARINENSE,CONV. AR+WC
1,220,CATARINENSE,CONV DD
1,220,CATARINENSE,LEITO DD
1,220,CATARINENSE,EXECUTIVO DD
1,220,CATARINENSE,LEITO DD
1,220,CATARINENSE,CONV DD
1,220,CATARINENSE,LEITO DD
1,220,CATARINENSE,CONV. AR+WC
1,220,CATARINENSE,CONV. AR+WC
1,220,1001,CONV C/AR
1,220,1001,CONV C/AR
3,220,CATARINENSE,CONV. AR+WC
3,220,CATARINENSE,CONV. AR+WC
55,220,CATARINENSE,CONV. AR+WC
55,220,CATARINENSE,CONV. AR+WC
55,220,CATARINENSE,CONV. AR+WC
55,220,CATARINENSE,EXECUTIVO DD
55,220,CATARINENSE,LEITO DD
55,220,CATARINENSE,CONV. AR+WC
55,220,CATARINENSE,CONV. AR+WC
55,220,CATARINENSE,CONV. AR+WC
55,220,CATARINENSE,CONV. AR+WC
55,220,CATARINENSE,CONV. AR+WC
55,220,CATARINENSE,EXECUTIVO DD
55,220,CATARINENSE,LEITO DD
55,220,CATARINENSE,CONV. AR+WC
55,220,CATARINENSE,CONV. AR+WC
55,220,CATARINENSE,CONV. AR+WC
55,220,CATARINENSE,CONV. AR+WC
55,220,CATARINENSE,CONV. AR+WC
55,220,CATARINENSE,EXECUTIVO DD
55,220,CATARINENSE,LEITO DD
55,220,CATARINENSE,CONV. AR+WC
55,220,CATARINENSE,CONV. AR+WC
55,220,CATARINENSE,CONV. AR+WC
55,220,CATARINENSE,EXECUTIVO DD
55,220,CATARINENSE,LEITO DD
55,220,CATARINENSE,CONV. AR+WC
55,220,CATARINENSE,CONV. AR+WC
55,220,CATARINENSE,CONV. AR+WC
55,220,CATARINENSE,CONV. AR+WC
55,220,CATARINENSE,CONV. AR+WC
55,220,CATARINENSE,EXECUTIVO DD
55,220,CATARINENSE,LEITO DD
55,220,CATARINENSE,CONV. AR+WC
55,220,CATARINENSE,CONV. AR+WC
55,220,CATARINENSE,CONV. AR+WC
55,220,CATARINENSE,CONV. AR+WC
55,220,CATARINENSE,CONV. AR+WC
55,220,CATARINENSE,EXECUTIVO DD
55,220,CATARINENSE,LEITO DD
55,220,CATARINENSE,CONV. AR+WC
55,220,CATARINENSE,CONV. AR+WC
55,220,CATARINENSE,CONV. AR+WC
55,220,CATARINENSE,CONV. AR+WC
55,220,CATARINENSE,CONV. AR+WC
55,220,CATARINENSE,EXECUTIVO
55,220,CATARINENSE,CONV. AR+WC
55,220,CATARINENSE,CONV. AR+WC
55,220,CATARINENSE,CONV. AR+WC
55,220,CATARINENSE,CONV. AR+WC
55,220,CATARINENSE,EXECUTIVO DD
55,220,CATARINENSE,LEITO DD
55,220,CATARINENSE,CONV. AR+WC
55,220,CATARINENSE,CONV. AR+WC
55,220,CATARINENSE,CONV. AR+WC
55,220,PLUMA,CONVENCIONAL
68,220,CATARINENSE,CONV. AR+WC
68,220,CATARINENSE,CONV. AR+WC
68,220,CATARINENSE,EXECUTIVO DD
68,220,CATARINENSE,CONV. AR+WC
68,220,CATARINENSE,CONV. AR+WC
68,220,CATARINENSE,EXECUTIVO DD
68,220,CATARINENSE,CONV. AR+WC
68,220,CATARINENSE,EXECUTIVO DD
68,220,CATARINENSE,CONV. AR+WC
68,220,CATARINENSE,EXECUTIVO DD
68,220,CATARINENSE,CONV. AR+WC
68,220,CATARINENSE,CONV. AR+WC
68,220,CATARINENSE,EXECUTIVO DD
68,220,CATARINENSE,CONV. AR+WC
68,220,CATARINENSE,CONV. AR+WC
68,220,CATARINENSE,EXECUTIVO DD
68,220,CATARINENSE,CONV. AR+WC
68,220,CATARINENSE,CONV. AR+WC
68,220,CATARINENSE,CONV. AR+WC
68,220,CATARINENSE,EXECUTIVO DD
68,220,CATARINENSE,CONV. AR+WC
68,220,CATARINENSE,CONV. AR+WC
450,220,PLUMA,DOUBLE DECK
450,220,PLUMA,LEITO
450,220,PLUMA,DOUBLE DECK
450,220,PLUMA,LEITO
450,220,PLUMA,DOUBLE DECK
450,220,PLUMA,LEITO
1,221,CATARINENSE,CONV. AR+WC
1,221,CATARINENSE,LEITO DD
1,232,ITAPEMIRIM,LEITO
1,232,ITAPEMIRIM,LEITO-CAMA
1,232,ITAPEMIRIM,CONV C/ AR
57,232,1001,CONV C/AR
57,232,1001,CONV C/AR
57,232,1001,CONV C/AR
57,232,1001,ESPECIAL
57,232,1001,CONV C/AR
57,232,1001,CONV C/AR
57,232,1001,ESPECIAL
57,232,1001,CONV C/AR
57,232,1001,CONV C/AR
57,232,1001,ESPECIAL
57,232,1001,CONV C/AR
57,232,1001,CONV C/AR
57,232,1001,ESPECIAL
57,232,1001,CONV C/AR
57,232,1001,CONV C/AR
57,232,1001,ESPECIAL
57,232,1001,CONV C/AR
57,232,1001,CONV C/AR
57,232,1001,ESPECIAL
57,232,1001,CONV C/AR
57,232,1001,CONV C/AR
57,232,1001,ESPECIAL
57,232,1001,CONV C/AR
57,232,1001,ESPECIAL
57,232,1001,CONV C/AR
57,232,1001,CONV C/AR
57,232,1001,ESPECIAL
57,232,1001,CONV C/AR
57,232,MACAENSE,CONV C/AR
57,232,1001,ESPECIAL
57,232,1001,CONV C/AR
57,232,1001,CONV C/AR
57,232,1001,ESPECIAL
57,232,1001,CONV C/AR
57,232,1001,CONV C/AR
57,232,1001,ESPECIAL
57,232,1001,CONV C/AR
57,232,1001,CONV C/AR
57,232,1001,ESPECIAL
57,232,1001,CONV C/AR
57,232,1001,CONV C/AR
57,232,1001,ESPECIAL
57,232,1001,CONV C/AR
57,232,1001,ESPECIAL
57,232,1001,CONV C/AR
57,232,1001,CONV C/AR
57,232,1001,ESPECIAL
57,232,MACAENSE,CONV C/AR
57,232,1001,CONV C/AR
64,232,UTIL,CON
64,232,UTIL,EXE
64,232,UTIL,S.LEI
77,232,AGUIA BRANCA,SEMI-LEITO
258,232,1001,CONV C/AR
258,232,1001,CONV C/AR
258,232,1001,CONV C/AR
258,232,1001,CONV C/AR
258,232,1001,CONV C/AR
258,232,1001,CONV C/AR
258,232,1001,CONV C/AR
258,232,1001,CONV C/AR
258,232,1001,CONV C/AR
258,232,1001,CONV C/AR
258,232,1001,CONV C/AR
258,232,MACAENSE,CONV C/AR
258,232,1001,CONV C/AR
258,232,1001,CONV C/AR
258,232,1001,CONV C/AR
258,232,1001,CONV C/AR
258,232,1001,CONV C/AR
258,232,1001,CONV C/AR
258,232,MACAENSE,CONV C/AR
1653,232,ITAPEMIRIM,EXECUTIVO
3304,232,AGUIA BRANCA,SEMI-LEITO
1,258,1001,LEITO DS
1,258,1001,EXECUTIVO DS
1,258,1001,CONV C/AR
1,258,1001,LEITO DS
1,258,1001,CONV DS
1,258,1001,CONV C/AR
1,258,1001,CONV C/AR
1,258,1001,CONV C/AR
1,258,1001,EXECUTIVO DS
1,258,1001,LEITO DS
1,258,1001,CONV C/AR
1,258,1001,LEITO DD
1,258,1001,ESPECIAL DD
1,258,1001,LEITO DD
1,258,1001,ESPECIAL DD
1,258,1001,EXECUTIVO
1,258,1001,ESPECIAL DS
1,258,1001,LEITO DS
1,258,1001,CONV DS
1,258,1001,LEITO DS
1,258,1001,CONV C/AR
1,258,1001,CONV C/AR
1,258,1001,LEITO
64,258,UTIL,S.LEI
64,258,UTIL,CON
1653,258,ITAPEMIRIM,CONV C/ AR
57,261,1001,CONV C/AR
57,261,1001,CONV C/AR
57,261,1001,CONVENCIONAL
57,261,1001,CONVENCIONAL
57,261,1001,CONV C/AR
57,261,1001,CONVENCIONAL
57,261,1001,CONVENCIONAL
57,261,1001,CONVENCIONAL
57,261,1001,CONV C/AR
57,261,1001,CONVENCIONAL
57,261,1001,CONV C/AR
57,261,1001,CONV C/AR
57,261,1001,CONVENCIONAL
57,261,1001,CONV C/AR
57,261,1001,CONV C/AR
57,261,1001,CONV C/AR
57,261,1001,CONVENCIONAL
57,261,1001,CONVENCIONAL
57,261,1001,CONV C/AR
57,261,1001,CONV C/AR
57,261,1001,CONV C/AR
57,261,1001,CONVENCIONAL
57,261,1001,CONV C/AR
57,261,1001,CONV C/AR
57,261,1001,CONV C/AR
57,261,1001,CONVENCIONAL
57,261,1001,CONV C/AR
57,266,UTIL,EXE
57,266,UTIL,CON
1,304,ITAPEMIRIM,LEITO
1,304,ITAPEMIRIM,LEITO-CAMA
1,304,ITAPEMIRIM,CONV C/ AR
57,304,1001,CONV C/AR
57,304,MACAENSE,CONV C/AR
57,304,1001,CONV C/AR
57,304,MACAENSE,CONV C/AR
57,304,1001,CONV C/AR
57,304,MACAENSE,CONV C/AR
57,304,1001,CONV C/AR
57,304,MACAENSE,CONV C/AR
57,304,MACAENSE,CONV C/AR
57,304,1001,CONV C/AR
57,304,MACAENSE,CONV C/AR
57,304,1001,CONV C/AR
57,304,MACAENSE,CONV C/AR
57,304,1001,CONV C/AR
57,304,MACAENSE,CONV C/AR
57,304,MACAENSE,CONV C/AR
57,304,1001,CONV C/AR
57,304,MACAENSE,CONV C/AR
57,304,MACAENSE,CONV C/AR
57,304,MACAENSE,CONV C/AR
57,304,1001,CONV C/AR
57,304,MACAENSE,CONV C/AR
57,304,1001,CONV C/AR
57,304,MACAENSE,CONV C/AR
57,304,1001,CONV C/AR
57,304,MACAENSE,CONV C/AR
57,304,1001,CONV C/AR
57,304,MACAENSE,CONV C/AR
57,304,MACAENSE,CONV C/AR
57,304,1001,CONV C/AR
57,304,MACAENSE,CONV C/AR
57,304,MACAENSE,CONV C/AR
57,304,MACAENSE,CONV C/AR
57,348,1001,CONVENCIONAL
57,348,1001,CONV C/AR
57,348,1001,CONV C/AR
57,348,1001,CONV C/AR
57,348,1001,CONV C/AR
57,348,1001,CONVENCIONAL
57,348,1001,CONV C/AR
57,348,1001,CONV C/AR
57,348,1001,CONVENCIONAL
57,348,1001,CONV C/AR
57,348,1001,CONV C/AR
57,348,1001,CONV C/AR
57,348,1001,CONV C/AR
57,348,1001,CONV C/AR
57,348,1001,CONV C/AR
57,348,1001,CONV C/AR
57,348,1001,CONV C/AR
57,348,1001,CONV C/AR
57,348,1001,CONVENCIONAL
57,348,1001,CONV C/AR
57,348,1001,CONVENCIONAL
57,348,1001,CONV C/AR
57,348,1001,CONV C/AR
57,348,1001,CONV C/AR
57,348,1001,CONV C/AR
57,348,1001,CONVENCIONAL
57,348,1001,CONV C/AR
57,348,1001,CONVENCIONAL
57,348,1001,CONV C/AR
57,348,1001,CONV C/AR
57,348,1001,CONV C/AR
57,348,1001,CONV C/AR
57,348,1001,CONV C/AR
57,348,1001,CONV C/AR
57,348,1001,CONV C/AR
57,349,UTIL,CON
57,349,UTIL,EXE
57,354,1001,CONV C/AR
57,354,1001,CONV C/AR
57,354,1001,CONV C/AR
57,354,1001,CONV C/AR
57,354,1001,CONV C/AR
57,354,1001,CONV C/AR
57,354,1001,CONV C/AR
57,354,1001,CONV C/AR
57,354,1001,CONV C/AR
57,354,1001,CONV C/AR
57,354,1001,CONV C/AR
57,376,MACAENSE,CONV C/AR
57,376,MACAENSE,CONV C/AR
57,376,MACAENSE,CONV C/AR
57,376,MACAENSE,CONV C/AR
57,376,MACAENSE,CONV C/AR
57,376,MACAENSE,CONV C/AR
57,376,MACAENSE,CONV C/AR
57,376,MACAENSE,CONV C/AR
57,376,MACAENSE,CONV C/AR
57,376,MACAENSE,CONV C/AR
57,376,MACAENSE,CONV C/AR
57,376,MACAENSE,CONV C/AR
57,376,MACAENSE,CONV C/AR
57,376,MACAENSE,CONV C/AR
57,376,MACAENSE,CONV C/AR
57,376,MACAENSE,CONV C/AR
57,376,MACAENSE,CONV C/AR
57,376,MACAENSE,CONV C/AR
57,376,MACAENSE,CONV C/AR
57,399,ITAPEMIRIM,CONV C/ AR
1,450,ITAPEMIRIM,SEMI LEITO
1,450,ITAPEMIRIM,CONV C/ AR
3,450,ITAPEMIRIM,CONV C/ AR
55,450,PLUMA,DOUBLE DECK
55,450,PLUMA,LEITO
55,450,PLUMA,DOUBLE DECK
55,450,PLUMA,LEITO
55,450,PLUMA,DOUBLE DECK
55,450,PLUMA,LEITO
105,450,ITAPEMIRIM,SEMI LEITO
105,450,ITAPEMIRIM,SEMI LEITO
105,450,PLUMA,DOUBLE DECK
105,450,PLUMA,LEITO
105,450,PLUMA,DOUBLE DECK
105,450,PLUMA,LEITO
105,450,PLUMA,DOUBLE DECK
105,450,PLUMA,LEITO
220,450,PLUMA,DOUBLE DECK
220,450,PLUMA,LEITO
220,450,PLUMA,DOUBLE DECK
220,450,PLUMA,LEITO
220,450,PLUMA,DOUBLE DECK
220,450,PLUMA,LEITO
77,508,AGUIA BRANCA,SEMI-LEITO
77,508,AGUIA BRANCA,CONVENCIONAL
77,508,AGUIA BRANCA,CONVENCIONAL
77,508,AGUIA BRANCA,EXECUTIVO
77,508,AGUIA BRANCA,CONVENCIONAL
1,549,ITAPEMIRIM,CONV C/ AR
77,549,ITAPEMIRIM,CONV C/ AR
82,549,ITAPEMIRIM,CONV C/ AR
1,803,ITAPEMIRIM,CONV C/ AR
1,1006,ITAPEMIRIM,CONV C/ AR
57,1187,UTIL,Array
57,1187,UTIL,Array
57,1187,UTIL,Array
57,1187,UTIL,Array
57,1187,UTIL,Array
57,1197,UTIL,Array
57,1197,UTIL,Array
57,1197,UTIL,Array
57,1197,UTIL,Array
57,1197,UTIL,Array
57,1197,UTIL,Array
57,1197,UTIL,Array
57,1197,UTIL,Array
1,1445,ITAPEMIRIM,CONV C/ AR
57,1445,ITAPEMIRIM,CONV C/ AR
57,1445,ITAPEMIRIM,EXECUTIVO
57,1445,ITAPEMIRIM,CONV C/ AR
57,1445,ITAPEMIRIM,EXECUTIVO
57,1467,AGUIA BRANCA,EXECUTIVO
1665,1503,GARCIA,CONVENC.
1,1505,ITAPEMIRIM,CONV C/ AR
1,1505,ITAPEMIRIM,SEMI LEITO
1,1505,ITAPEMIRIM,LEITO-CAMA
1,1505,ITAPEMIRIM,LEITO
57,1505,ITAPEMIRIM,CONV C/ AR
57,1505,ITAPEMIRIM,EXECUTIVO
57,1505,ITAPEMIRIM,CONV C/ AR
64,1505,ITAPEMIRIM,CONV C/ AR
64,1505,ITAPEMIRIM,CONV C/ AR
64,1505,ITAPEMIRIM,SEMI LEITO
64,1505,ITAPEMIRIM,CONV C/ AR
3,1531,GARCIA,CONVENC.
3,1531,GARCIA,CONVENC.
3,1531,GARCIA,CONVENC.
3,1531,GARCIA,CONVENC.
3,1531,GARCIA,LEITO
3,1531,GARCIA,CONVENC.
5,1531,GARCIA,CONVENC.
5,1531,GARCIA,CONVENC.
5,1531,GARCIA,LEITO
30,1531,GARCIA,CONVENC.
30,1531,GARCIA,LEITO
55,1531,GARCIA,CONVENC.
55,1531,GARCIA,CONVENC.
55,1531,GARCIA,EXECUTIVO
55,1531,GARCIA,LEITO
55,1531,GARCIA,EXECUTIVO
55,1531,GARCIA,EXECUTIVO
55,1531,GARCIA,LEITO
57,1531,GARCIA,CONVENC.
57,1531,GARCIA,LEITO
68,1531,BRASIL SUL,CONVENC.
68,1531,BRASIL SUL,CONVENC.
68,1531,BRASIL SUL,CONVENC.
105,1531,BRASIL SUL,CONVENC.
105,1531,BRASIL SUL,CONVENC.
105,1531,BRASIL SUL,CONVENC.
1665,1531,GARCIA,CONVENC.
1665,1531,OURO BRANCO,CONVENC.
1665,1531,BRASIL SUL,CONVENC.
1665,1531,GARCIA,CONVENC.
1665,1531,PRINCESA DO IVAI,CONVENC.
1665,1531,GARCIA,LEITO
1665,1531,GARCIA,CONVENC.
1665,1531,GARCIA,CONVENC.
3,1536,GARCIA,CONVENC.
3,1536,GARCIA,CONVENC.
3,1536,GARCIA,CONVENC.
3,1536,GARCIA,LEITO
3,1536,GARCIA,CONVENC.
55,1536,GARCIA,CONVENC.
55,1536,GARCIA,CONVENC.
55,1536,GARCIA,CONVENC.
55,1536,GARCIA,EXECUTIVO
55,1536,GARCIA,CONVENC.
55,1536,GARCIA,LEITO
55,1536,GARCIA,EXECUTIVO
1665,1536,BRASIL SUL,CONVENC.
1665,1536,GARCIA,CONVENC.
1665,1536,GARCIA,CONVENC.
1665,1536,GARCIA,CONVENC.
1665,1536,GARCIA,LEITO
1665,1536,PRINCESA DO IVAI,CONVENC.
55,1608,GARCIA,CONVENC.
1665,1643,BRASIL SUL,CONVENC.
1665,1643,BRASIL SUL,LEITO
1,1653,AGUIA BRANCA,CONVENCIONAL
1,1653,AGUIA BRANCA,CONVENCIONAL
1,1653,AGUIA BRANCA,DOUBLE LEITO
1,1653,AGUIA BRANCA,DOUBLE PLUS
1,1653,ITAPEMIRIM,CONV C/ AR
1,1653,ITAPEMIRIM,SEMI LEITO
1,1653,ITAPEMIRIM,LEITO-CAMA
1,1653,ITAPEMIRIM,LEITO
57,1653,AGUIA BRANCA,CONVENCIONAL
57,1653,AGUIA BRANCA,CONVENCIONAL
57,1653,AGUIA BRANCA,EXECUTIVO
57,1653,AGUIA BRANCA,EXECUTIVO
57,1653,AGUIA BRANCA,DOUBLE LEITO
57,1653,AGUIA BRANCA,DOUBLE PLUS
57,1653,ITAPEMIRIM,EXECUTIVO
57,1653,ITAPEMIRIM,CONV C/ AR
57,1653,ITAPEMIRIM,EXECUTIVO
57,1653,ITAPEMIRIM,LEITO
57,1653,ITAPEMIRIM,SEMI LEITO
57,1653,ITAPEMIRIM,CONV C/ AR
64,1653,ITAPEMIRIM,CONV C/ AR
64,1653,ITAPEMIRIM,CONV C/ AR
64,1653,ITAPEMIRIM,CONV C/ AR
64,1653,ITAPEMIRIM,SEMI LEITO
64,1653,ITAPEMIRIM,CONV C/ AR
258,1653,AGUIA BRANCA,CONVENCIONAL
258,1653,ITAPEMIRIM,CONV C/ AR
57,1655,COSTA VERDE,CONV
57,1655,COSTA VERDE,CONV
57,1655,COSTA VERDE,CONV
57,1655,COSTA VERDE,CONV
57,1655,COSTA VERDE,CONV
57,1655,COSTA VERDE,CONV
57,1655,COSTA VERDE,CONV
57,1655,COSTA VERDE,CONV
57,1655,COSTA VERDE,CONV
57,1655,COSTA VERDE,CONV
57,1655,COSTA VERDE,CONV
57,1655,COSTA VERDE,CONV
57,1655,COSTA VERDE,CONV
57,1656,COSTA VERDE,CONV
57,1656,COSTA VERDE,CONV
57,1656,COSTA VERDE,CONV
57,1656,COSTA VERDE,CONV
45,1665,COMETA,CONV AR
45,1665,COMETA,DD EXEC
45,1665,COMETA,DD LEITO
45,1665,COMETA,CONV AR
45,1665,COMETA,CONV
45,1665,COMETA,CONV AR
45,1665,COMETA,GTV EX.
45,1665,COMETA,GTV 1.CLS
45,1665,COMETA,CONV AR
45,1665,COMETA,CONV AR
45,1665,COMETA,CONV AR
45,1665,COMETA,CONV AR
45,1665,COMETA,DD EXEC
45,1665,COMETA,DD LEITO
45,1665,COMETA,CONV AR
45,1665,COMETA,CONV
45,1665,COMETA,CONV AR
45,1665,COMETA,CONV AR
45,1665,COMETA,CONV AR
45,1665,COMETA,CONV AR
45,1665,COMETA,GTV EX.
45,1665,COMETA,GTV 1.CLS
45,1665,COMETA,DD EXEC
45,1665,COMETA,DD LEITO
1531,1665,GARCIA,CONVENC.
1531,1665,OURO BRANCO,CONVENC.
1531,1665,GARCIA,CONVENC.
1531,1665,PRINCESA DO IVAI,CONVENC.
1531,1665,GARCIA,LEITO
1531,1665,GARCIA,CONVENC.
1536,1665,GARCIA,CONVENC.
1536,1665,GARCIA,LEITO
1536,1665,PRINCESA DO IVAI,CONVENC.
1643,1665,BRASIL SUL,LEITO
1643,1665,BRASIL SUL,CONVENC.
1873,1665,PRINCESA DO IVAI,CONVENC.
1873,1665,BRASIL SUL,LEITO
2427,1665,OURO BRANCO,CONVENC.
2427,1665,GARCIA,CONVENC.
1665,1721,GARCIA,CONVENC.
1665,1721,GARCIA,LEITO
1665,1725,GARCIA,LEITO
1665,1725,PRINCESA DO IVAI,CONVENC.
1665,1873,BRASIL SUL,CONVENC.
1665,1873,BRASIL SUL,CONVENC.
1665,1873,BRASIL SUL,LEITO
1665,1873,PRINCESA DO IVAI,CONVENC.
57,2242,UTIL,EXE
57,2242,UTIL,S.LEI
57,2242,UTIL,EXE
57,2242,UTIL,S.LEI
57,2242,UTIL,S.LEI
57,2242,UTIL,CON
57,2242,UTIL,LEITO
57,2242,UTIL,LEITO
57,2242,UTIL,EXE
57,2242,UTIL,S.LEI
55,2427,GARCIA,CONVENC.
55,2427,GARCIA,CONVENC.
55,2427,GARCIA,LEITO
1665,2427,GARCIA,CONVENC.
1665,2427,OURO BRANCO,CONVENC.
1,2481,SALUTARIS,CONVENCIONAL
1,2481,SALUTARIS,CONVENCIONAL
1,2481,SALUTARIS,CONVENCIONAL
1,2652,GARDENIA,COMERCIAL
1,2652,GARDENIA,COMERCIAL
1,2652,GARDENIA,COMERCIAL
1,2652,GARDENIA,COMERCIAL
1,2652,UTIL,CON
1,2652,UTIL,CON
57,2721,SAMPAIO,EXE
57,2721,SAMPAIO,EXE
57,2721,SAMPAIO,EXE
55,2772,GARCIA,LEITO
55,2772,GARCIA,CONVENC.
55,2772,GARCIA,CONVENC.
1665,2772,GARCIA,CONVENC.
1665,2772,GARCIA,CONVENC.
1665,2772,GARCIA,CONVENC.
1665,2772,GARCIA,LEITO
1,2876,SALUTARIS,CONVENCIONAL
1,2876,SALUTARIS,CONVENCIONAL
1,2876,SALUTARIS,CONVENCIONAL
1,2876,SALUTARIS,CONVENCIONAL
1,3058,ITAPEMIRIM,CONV C/ AR
1,3058,ITAPEMIRIM,CONV C/ AR
3,3149,SALUTARIS,CONVENCIONAL
1,3165,ITAPEMIRIM,CONV C/ AR
57,3212,ITAPEMIRIM,CONV C/ AR
57,3212,ITAPEMIRIM,EXECUTIVO
57,3212,ITAPEMIRIM,CONV C/ AR
1653,3221,AGUIA BRANCA,CONVENCIONAL
1653,3221,AGUIA BRANCA,EXECUTIVO
1653,3221,AGUIA BRANCA,EXECUTIVO
1,3239,SALUTARIS,CONVENCIONAL
232,3304,AGUIA BRANCA,CONVENCIONAL
232,3304,AGUIA BRANCA,SEMI-LEITO
1653,3313,AGUIA BRANCA,CONVENCIONAL
1653,3313,AGUIA BRANCA,CONVENCIONAL
1653,3313,AGUIA BRANCA,CONVENCIONAL
1653,3313,AGUIA BRANCA,CONVENCIONAL
1653,3313,AGUIA BRANCA,EXECUTIVO
1653,3313,AGUIA BRANCA,EXECUTIVO
1653,3313,AGUIA BRANCA,CONVENCIONAL
1,3315,ITAPEMIRIM,CONV C/ AR
1,3315,ITAPEMIRIM,CONV C/ AR
1,3348,SALUTARIS,CONVENCIONAL
1,3348,SALUTARIS,CONVENCIONAL
1,3348,SALUTARIS,CONVENCIONAL
57,3356,AGUIA BRANCA,CONVENCIONAL
57,3356,AGUIA BRANCA,CONVENCIONAL
57,3356,AGUIA BRANCA,EXECUTIVO
57,3356,AGUIA BRANCA,DOUBLE LEITO
57,3356,AGUIA BRANCA,DOUBLE PLUS
2,3425,COMETA,CONV
2,3425,COMETA,CONV
2,3425,COMETA,CONV
2,3425,COMETA,CONV
2,3425,COMETA,CONV
2,3425,COMETA,CONV
2,3425,COMETA,CONV
2,3425,COMETA,CONV
2,3425,COMETA,CONV
2,3425,COMETA,CONV
2,3425,COMETA,CONV
2,3425,COMETA,CONV
